capital_numerico,cnpj,descricao_google,email,facebook,instagram,linkedin,municipio_receita,nome_google,telefone,tem_cnpj,tem_receita,termo_busca,url,whatsapp
0,,"Oct 16, 2019 · His desire to do more for his clients was bolstered by the initial efforts of Capt. Jonathan Mathis, Special Victims Counsel here. ""I was thinking about my role here and about a …",,,https://www.instagram.com/p/CvakQYjx0dJ/,https://www.linkedin.com/company/u-s-army-jag-corps/,,JAG's Corps recognizes FLW attorney with Regimental Award,,False,False,empresa Santana do Deserto MG,https://www.army.mil/article/228567/jags_corps_recognizes_flw_attorney_with_regimental_award,
0,,"May 31, 2024 · “The immediate action and investigation by CID was instrumental in securing and preserving the corroborating evidence necessary to prove this case,” said Maj. Jonathan …",yourname@email.com,,,,,Army Soldier Convicted for Sexual Abuse of a Child - DVIDS,27645508395,False,False,empresa Santana do Deserto MG,https://www.dvidshub.net/news/472780/army-soldier-convicted-sexual-abuse-child,2764550839
0,,Veja as 238 vagas disponíveis para Autônomo em Juiz de Fora / MG. Cadastre seu currículo gratuitamente no BNE e conheça as melhores oportunidades.,,,,,,Vagas de emprego para Autônomo em Juiz de Fora / MG - BNE,,False,False,autônomo Juiz de Fora MG,https://www.bne.com.br/vagas-de-emprego-para-autonomo-em-juiz-de-fora-mg,
0,,Provide legal advice to Army commanders on domestic and foreign laws that influence military operations. You’ll review military plans while offering advice on the laws of war and rules of …,,,,,,Judge Advocate General’s Corps (JAG) | U.S. Army - goarmy.com,1763157436,False,False,empresa Santana do Deserto MG,https://www.goarmy.com/careers-and-jobs/specialty-careers/law,1763157436
0,,"Nov 20, 2020 · Publicações legais Consultas Públicas CGSIM Dispensa de Alvará e Licenças Empresas Estrangeiras Inova Simples Mapa de Empresas Tradutores e leiloeiros Pastas da nova …",,,,,,Empresas & Negócios,,False,False,empresa Juiz de Fora MG,https://www.gov.br/empresas-e-negocios/pt-br,
0,,"Baixa da Empresa Atenção Sabemos que você não tem tempo a perder, mas erros podem acontecer no sistema do MEI! Tenha certeza de que existem pessoas trabalhando para evitar que erros …",,,,,,Baixa da Empresa — Empresas & Negócios,,False,False,empresa Juiz de Fora MG,https://www.gov.br/empresas-e-negocios/pt-br/empreendedor/servicos-para-mei/baixa-de-mei,
0,,"Jun 17, 2024 · We've rounded up our highest-rated recipes of all time! They're our most loved, commented and rated recipes from our big Taste of Home community.",,,,,,Our 98 Highest-Rated Recipes of All Time I Taste of Home,,False,False,prestador de serviço Santana do Deserto MG,https://www.tasteofhome.com/collection/our-100-highest-rated-recipes-ever/,
0,,"Perguntas frequentes Como cadastrar nova senha de acesso ao cadastro da empresa? Para cadastrar nova senha de empresa, utilize a ferramenta ""Esqueci minha senha"" na tela inicial do …",,,,,,Cadastro de empresas — Agência Nacional de Vigilância Sanitária,,False,False,empresa Juiz de Fora MG,https://www.gov.br/anvisa/pt-br/sistemas/cadastro/cadastro-de-empresas,
0,,"Feb 23, 2024 · Count down through the 50 recipes that Food Network fans love most and then save them in your online recipe box so that you can make them at home.",,,,,,Our 50 Most-Popular Recipes Right Now - Food Network,1763157445,False,False,prestador de serviço Santana do Deserto MG,https://www.foodnetwork.com/recipes/photos/foodnetwork-top-50-most-saved-recipes,1763157445
0,,"A Santa Maria abriu sua primeira loja no ano de 1999 na feira do Conjunto Maiobão! Hoje, somamos 17 lojas espalhadas por São Luís, São José de Ribamar, Raposa e Paço do Lumiar.",site@lojassantamaria.com.br,,,,,Lojas Santa Maria - Quem somos,(98) 9601-7173,False,False,loja Juiz de Fora MG,https://www.lojassantamaria.com.br/quem-somos,(98) 9601-7173
0,99.999.999/9999-99,"Encontre aqui no JFEmpregos as melhores vagas de emprego da região. São centenas de vagas divulgadas diariamente. Acesse agora o JFEmpregos, cadastre-se e tenha acesso ao maior …",contato@jfempregos.com.br,,,,,JF Empregos - Vagas de Emprego em Juiz de Fora,(32) 98415-3518,True,False,autônomo Juiz de Fora MG,https://www.jfempregos.com.br/,(32) 98415-3518
0,,"Jun 16, 2025 · O comércio, de forma simples, pode ser entendido como o ato de trocar bens ou serviços entre indivíduos, empresas ou países. Essa troca é a base do funcionamento econômico, …",,,,,,"Conceito de Comércio: Origem, Definição e Significado",,False,False,comércio Juiz de Fora MG,https://lucidarium.com.br/conceito-de-comercio-origem-definicao-e-significado/,
0,,Estatísticas das 1.855 Empresas do Município: BICAS - MG Capital Social Atividade Principal Natureza Jurídica Quantidade de Filiais,,,,,,Estatísticas de Empresas do Município: BICAS - MINAS GERAIS,,False,False,empresa Bicas MG,https://casadosdados.com.br/empresas/localidade/mg/bicas,
0,,"Nov 25, 2024 · It’s no secret that we have tons of delicious and healthy recipes, and these 20 dishes have been some of our most popular this year. From flavorful smoothies to cozy soups to …",,,,,,Our 15+ Most Popular Recipes of 2024 - EatingWell,,False,False,prestador de serviço Santana do Deserto MG,https://www.eatingwell.com/our-most-popular-recipes-of-2024-8751792,
0,,"Trabalho autônomo é definido como a prestação de serviços de forma independente, sem vínculo empregatício formal com uma empresa, permitindo ao profissional oferecer seus serviços tanto …",,,,,,"Trabalho Autônomo no Brasil: Direitos, Deveres e Diferenciações",,False,False,autônomo Bicas MG,https://www.jusbrasil.com.br/artigos/trabalho-autonomo-no-brasil-direitos-deveres-e-diferenciacoes/2186873976?msockid=017bd70a10d06edf28b5c1ae11836f4f,
0,,"Feb 13, 2025 · Beim Kalibrieren wird ein exakter Eingangswert mit dem Ausgangswert einer Messeinrichtung verglichen und die …",kundenservice@conrad.de,,,,,"Kalibrierung » Definition, Anleitung & Bedeutung",,False,False,loja Matias Barbosa MG,https://www.conrad.de/de/ratgeber/handwerk/kalibrieren-definition.html,
0,,"Feb 5, 2025 · O trabalho autônomo é uma modalidade de prestação de serviços em que o profissional atua de forma independente, sem vínculo empregatício com uma empresa ou …",,,,,,Trabalho Autônomo: como funciona esse modelo de trabalho?,,False,False,autônomo Bicas MG,https://blog.caju.com.br/cultura-organizacional/trabalho-autonomo-como-funciona-esse-modelo-de-trabalho/,
0,,"Perguntas frequentes Como cadastrar nova senha de acesso ao cadastro da empresa? Para cadastrar nova senha de empresa, utilize a ferramenta ""Esqueci minha senha"" na tela inicial …",,,,,,Cadastro de empresas — Agência Nacional de Vigilância …,,False,False,empresa Matias Barbosa MG,https://www.gov.br/anvisa/pt-br/sistemas/cadastro/cadastro-de-empresas,
0,99.999.999/9999-99,Este site é melhor visualizado em Chrome ou Firefox Clique na imagem para fazer o download,,,,,,Fornecedor - Unimed Cuiabá,,True,False,prestador de serviço Matias Barbosa MG,https://autorizador.unimedcuiaba.coop.br/fornecedor/index.php,
0,,"O trabalho autônomo é a atividade profissional feita de forma independente, sem um contrato de trabalho tradicional. Por isso, o profissional autônomo trabalha por conta própria, oferecendo …",,,,,,O que é trabalho autônomo: benefícios da modalidade,,False,False,autônomo Bicas MG,https://contratapj.com.br/o-que-e-trabalho-autonomo/,
0,,"Kalibrieren ist der Vergleich eines Messwertes mit dem richtigen Wert bei vorgegebenen Bedingungen, das Dokumentieren der …",info@testotis.de,,,,,Was ist eine Kalibrierung? - testotis.de,61 90901-8000,False,False,loja Matias Barbosa MG,https://www.testotis.de/know-how/wissens-center/wissen-kalibrierung,61 90901-8000
0,,"This is where you'll find the most popular recipes for dinners, appetizers, cocktails, lunches, breakfasts, breads, and more!",,,,,,Most Popular Recipes | Once Upon a Chef,,False,False,prestador de serviço Santana do Deserto MG,https://www.onceuponachef.com/recipes/most-popular,
0,,Marca: Colli Modelo: Force One Idade recomendada: a partir de 12 anos. Peso suportado: 100 kg Tamanho quadro: 13 Aro 24 aero 36F dianteiro montado Canote reto colli zincado Corrente …,site@lojassantamaria.com.br,,,,,BICICLETA COLLI CAZELLE FORCE ONE ARO-24 S/M …,(98) 9601-7173,False,False,loja Santana do Deserto MG,https://www.lojassantamaria.com.br/bicicletas/bicicleta-colli-cazelle-force-one-aro-24-sm-branco,(98) 9601-7173
0,,Page DescriptionCopyright © 2025 - Solus - A saúde do seu plano,,,,,,Solus - Módulos - Unimed Cuiabá,,False,False,prestador de serviço Matias Barbosa MG,https://autorizador.unimedcuiaba.coop.br/solusweb_5_0/,
0,,"Aug 19, 2025 · Consulte informações cadastrais de pessoa jurídica (empresas, associações etc.) no Cadastro Nacional de Pessoas Jurídicas (CNPJ), inclusive o quadro de sócios e administradores …",,,,,,Consultar CNPJ - gov,,False,False,empresa Juiz de Fora MG,https://www.gov.br/pt-br/servicos/consultar-cadastro-nacional-de-pessoas-juridicas,
0,,"Empresa, Indústria e Comércio Comércio Exterior Empresas Indústria Propriedade Industrial e Intelectual Zona Franca de Manaus",,,,,,Empresas - gov,,False,False,empresa Juiz de Fora MG,https://www.gov.br/pt-br/categorias/empresa-industria-e-comercio/empresas,
0,99.999.999/9999-99,Este site é melhor visualizado em Chrome ou Firefox Clique na imagem para fazer o download,,,,,,Empresa,,True,False,prestador de serviço Matias Barbosa MG,https://autorizador.unimedcuiaba.coop.br/empresa/index.php,
0,,"Die Kalibrierung ist ein wesentlicher Faktor, mit dem die Genauigkeit von Messungen sichergestellt wird. Sie trägt zur Verbesserung …",,,,,,Was ist Kalibrierung? Kalibrieren - Bedeutung & Definition - Beamex,,False,False,loja Matias Barbosa MG,https://www.beamex.com/de/ressourcen/was-ist-kalibrierung/,
0,,"Apr 2, 2024 · Abra um CNPJ para sua empresa, negócio ou associação.",,,,,,Abrir CNPJ — Empresas & Negócios,,False,False,empresa Juiz de Fora MG,https://www.gov.br/empresas-e-negocios/pt-br/redesim/abrir-cnpj,
0,,- Material da estrutura em MDP e MDF - Acabamento em U.V - 6 Portas - 3 Gavetas - Prateleiras - Corrediças metálica - Puxadores em MDF revestido - Cabideiros e calceiro em madeira …,site@lojassantamaria.com.br,,,,,ROUPEIRO B367 6 PORTAS 3 GAVETAS NATURE/OFF …,(98) 9601-7173,False,False,loja Santana do Deserto MG,https://www.lojassantamaria.com.br/quarto/roupeiro-b367-6-portas-3-gavetas-natureoff-white-flex-briz,(98) 9601-7173
0,,"Oct 13, 2025 · Se você está buscando uma alternativa para um negócio lucrativo, saber como fazer cestas para vender pode ser uma boa ideia de gerar lucro. Elas são bem-vindas em …",,,,,,Pequenos negócios que dão lucro: 39 opções para começar,,False,False,negócio Juiz de Fora MG,https://www.nuvemshop.com.br/blog/pequenos-negocios/,2020-2021
0,,"Pesquise 1.623 Empresas em Bicas, MG. Quantas empresas existem, análise de mercado e listas de empresas com contatos, telefones, e-mails, endereços, quantidade de funcionários e faturamento.",,,,,,"Lista de Empresas em Bicas, MG - Econodata",,False,False,empresa Bicas MG,https://www.econodata.com.br/empresas/mg-bicas,
0,,"Everyday recipes with ratings and reviews by home cooks like you. Find easy dinner ideas, healthy recipes, plus helpful cooking tips and techniques.",,https://www.facebook.com/all-recipes/,https://www.instagram.com/Allrecipes/,,,"Allrecipes | Recipes, How-Tos, Videos and More",,False,False,prestador de serviço Santana do Deserto MG,https://www.allrecipes.com/,
0,,"Sep 18, 2025 · Os tipos de indústria são categorias que organizam as empresas de acordo com a sua natureza produtiva, isto é, a forma como transformam recursos em produtos ou serviços.",sensio@sensio.com.br,,,,,Tipos de indústria: conheça os principais e suas características,(32) 99821-1180,False,False,indústria Matias Barbosa MG,https://www.sensio.com.br/blog/tipos-de-industria,(32) 99821-1180
0,,Learn more about the Army JAG Corps and how you can serve your country as a legal professional. The Army JAG Corps offers the unique opportunity to practice law and make a …,,,,,,JAGCNet - United States Army Judge Advocate General's Corps,,False,False,empresa Santana do Deserto MG,https://www.jagcnet.army.mil/Home,
0,,Departamento Estadual de Trânsito do Rio Grande do Norte © 2025,,,,,,Portal de serviços DETRAN/RN,,False,False,comércio Santana do Deserto MG,https://portal.detran.rn.gov.br/,
0,,"Dec 2, 2024 · From classics like homemade pumpkin and pecan pies to surprising dishes like fish stew and osso buco, there's something for everyone in our top 52 recipes of all time.",,,,,,Our 52 Most Popular Recipes of All Time,,False,False,prestador de serviço Santana do Deserto MG,https://www.simplyrecipes.com/52-most-popular-recipes-of-all-time-8713592,
0,,Você sabe o que é indústria e como ela se classifica? Leia nosso texto e entenda melhor sobre esse setor produtivo. Saiba também o que determina a sua localização.,,,,,,"Indústria: o que é, tipos, no Brasil, no mundo - Brasil Escola",,False,False,indústria Matias Barbosa MG,https://brasilescola.uol.com.br/geografia/tipos-industrias.htm,
0,,"May 3, 2025 · O portal do DETRAN RN permite consultar o valor do imposto devido, gerar o boleto e efetuar o pagamento através de …",,,,,,DETRAN CONSULTA RN: SERVIÇOS ONLINE NO RIO GRANDE DO NORTE,,False,False,comércio Santana do Deserto MG,https://digitei.com/detran-consulta-rn-servicos-online-no-rio-grande-do-norte/,
0,,"Concursos Detran abrem 762 vagas em 4 estados. RN com edital em dezembro, RJ com 552 oportunidades. Confira todos os detalhes …",,,,,,Concursos Detran oferecem mais de 700 vagas; prepare-se e participe,,False,False,comércio Santana do Deserto MG,https://temconcursos.com.br/concursos-detran-oferecem-mais-de-700-vagas-prepare-se-e-participe/,
0,,Detran Nova Cruz – RN No Detran de Nova Cruz você pode resolver as principais pendências da sua Carteira Nacional de Habilitação (CNH) e …,,,,,,Simulado Detran RN,,False,False,comércio Santana do Deserto MG,https://www.detran-rn.org/,
0,,"Descubra tudo sobre trabalho autônomo, suas características, direitos e deveres. Aprenda com exemplos práticos e otimize sua atuação profissional.",,,,,,"Entenda o Trabalho Autônomo: Definição, Características e …",,False,False,autônomo Bicas MG,https://dicionariojuridico.com/glossario/t/trabalho-autonomo/,
0,,"A indústria é um setor econômico que se dedica à transformação de matérias-primas em produtos acabados ou semi-acabados, utilizando processos de produção que podem variar em …",,,,,,O que é indústria? Entenda sua importância e tipos,,False,False,indústria Matias Barbosa MG,https://dinheiroinvestido.com.br/glossario/o-que-e-industria-entenda-sua-importancia-e-tipos/,
0,,"Os cidadãos podem consultar em portal.detran.rn.gov.br no botão ""publicações"", o edital completo, o requerimento e a listagem …",ouvidoria@detran.rn.gov.br,,,,,Governo do Estado do RN,,False,False,comércio Santana do Deserto MG,http://www.detran.rn.gov.br/,
0,,307 Vagas de Emprego de Autônomo em Juiz de Fora - MG. Temos Novas Vagas Exclusivas para você. Cadastre seu currículo GRÁTIS.,,,,,,Vagas de Emprego de autônomo em Juiz de Fora - MG - Infojobs,,False,False,autônomo Juiz de Fora MG,"https://www.infojobs.com.br/vagas-de-emprego-autônomo-em-juiz-fora,-mg.aspx",
0,,"O trabalho é autônomo, preferencialmente para PJ (pessoa jurídica, exemplo MEI), aplicação de cursos e serviços de Engenharias e Áreas Técnicas. E você ganhará comissão sobre eles.",,,,,,"Vagas de Autonomos com em Juiz de Fora, MG (Urgente!) - 2023",,False,False,autônomo Juiz de Fora MG,"https://br.jooble.org/vagas-de-emprego-autonomos-com/Juiz-de-Fora,-MG",
0,,Pesquise e inscreva-se nas últimas vagas de autônomo. Empregadores verificados. Salário competitivo. Alertas de e-mail de trabalho. 21 autônomo vagas de emprego em Jobsora. …,vaga-293228@vagas.abler.in,,,,,"Vagas de emprego autônomo Juiz de Fora, MG - 21 empregos",,False,False,autônomo Juiz de Fora MG,https://br.jobsora.com/empregos-autônomo-juiz-de-fora-mg,
0,,"Seu comentário foi enviado com sucesso, Obrigado por opinar em nossa loja",site@lojassantamaria.com.br,,,,,ROUPEIRO OREGON 4 PORTAS NEVE-TCIL - Loja Santa Maria,(98) 9601-7173,False,False,loja Juiz de Fora MG,https://www.lojassantamaria.com.br/quarto/roupeiro-oregon-4-portas-neve-tcil,(98) 9601-7173
0,,"Dimensões do Produto Altura: 74 cm Largura: 136 cm Profundidade: 39,5 cm Peso: 27,35 kg - Possui 3 Prateleira - Possui 5 Nicho - Possui 1 Amplo Tampo - Possui 6 Rodas Para Melhor …",site@lojassantamaria.com.br,,,,,BANCADA CAEMMUN DRAGON 1.36CM FREIJO/OFF WHITE - Loja …,(98) 9601-7173,False,False,loja Juiz de Fora MG,https://www.lojassantamaria.com.br/sala/bancada-caemmun-dragon-1-36cm-freijooff-white,(98) 9601-7173
0,,"Busque a listagem de empresas segmentando por cidade, estado, setores, atividades econômicas, entre outros filtros. Tenha a lista de empresas de Bicas retornados em arquivo Excel ou CSV em …",contato@consultas.plus,,,,,Lista de Empresas em Bicas / Minas Gerais » 2025 - Consultas Plus,56072885000,False,False,empresa Bicas MG,https://consultas.plus/lista-de-empresas/minas-gerais/bicas/,56072885
0,,"Jun 11, 2025 · O conceito de negócio é a ideia central que define o que uma empresa faz, para quem faz, como faz e por que faz. Trata-se de um resumo estratégico que orienta toda a …",contato@goakira.com.br,,,,,"Conceito de negócio: significado, origens e oportunidades",11 2507-8009,False,False,negócio Juiz de Fora MG,https://blog.goakira.com.br/conceito-de-negocio/,11 2507-8009
0,,Marca: Colli Modelo: Force One Idade recomendada: a partir de 12 anos. Peso suportado: 100 kg Tamanho quadro: 13 Aro 24 …,site@lojassantamaria.com.br,,,,,BICICLETA COLLI CAZELLE FORCE ONE ARO-24 S/M BRANCO - Loja Sa…,(98) 9601-7173,False,False,loja Matias Barbosa MG,https://www.lojassantamaria.com.br/bicicletas/bicicleta-colli-cazelle-force-one-aro-24-sm-branco,(98) 9601-7173
0,,MEI Conta com a Gente é a iniciativa que chegou para facilitar o dia a dia de quem é Microempreendedor Individual. Uma parceria feita para apoiar e simplificar sua jornada …,,,,,,Quero ser MEI — Empresas & Negócios,,False,False,empresa Juiz de Fora MG,https://www.gov.br/empresas-e-negocios/pt-br/empreendedor/quero-ser-mei,
0,,"São ofertados, ainda, serviços aos empregadores que buscam pessoas com perfil profissional adequados às necessidades da empresa/pessoa ou empreendimento. As vagas e os perfis …",,,,,,Portal Emprega Brasil — Ministério do Trabalho e Emprego,,False,False,empresa Juiz de Fora MG,https://www.gov.br/trabalho-e-emprego/pt-br/assuntos/sistema-nacional-de-emprego-sine/portal-emprega-brasil,
0,,"A importância da Indústria para o Brasil 27/10/2025 - Em 2024, a indústria respondeu por 24,7% do PIB brasileiro. Os dados mais recentes disponíveis também mostram que o setor industrial …",programainova@ielcni.com.br,,,,,"Portal da Indústria: CNI, SESI, SENAI e IEL - Portal da Indústria",,False,False,indústria Matias Barbosa MG,https://www.portaldaindustria.com.br/,
0,,"Oct 20, 2025 · O que é o trabalho autônomo? Trabalho autônomo é toda atividade exercida por profissionais de forma liberal, prestando serviços para empresas ou pessoas físicas por um …",querosercliente@contabilizei.com.br,,,,,Trabalho Autônomo: o que é? Guia 2025 | Lista de profissões,,False,False,autônomo Bicas MG,https://www.contabilizei.com.br/contabilidade-online/trabalho-autonomo/,
0,,"Nov 28, 2022 · Vagas de emprego Autônomo em Juiz de Fora, MG. Encontre seu novo trabalho nas melhores empresas que estão contratando agora. Candidate-se!",jobemail-br@jobted.com,,,,,"Vagas de Autônomo em Juiz de Fora, MG | Jobted",,False,False,autônomo Juiz de Fora MG,"https://br.jobted.com/vagas-autônomo-em-juiz-de-fora,-mg",
0,,"Aug 7, 2024 · A palavra “negócio” tem origem no latim “negotium”, que se refere à ausência de lazer ou descanso, implicando em uma atividade que exige esforço e dedicação.",contato@soescola.com,,,,,Significado da palavra negócio: Entenda o conceito - Só Escola,,False,False,negócio Juiz de Fora MG,https://www.soescola.com/glossario/significado-da-palavra-negocio,
0,,"Procurando por Guia de Empresas em Bicas, MG? A Solutudo reúne as melhores opções e as melhores ofertas em Guia de Empresas da cidade.",,,,,,"Guia de Empresas em Bicas, MG - Solutudo",,False,False,empresa Bicas MG,https://www.solutudo.com.br/empresas/mg/bicas/guia+de+empresas,
0,99.999.999/9999-99,Este site é melhor visualizado em Chrome ou Firefox Clique na imagem para fazer o download,,,,,,Operadora - autorizador.unimedcuiaba.coop.br,,True,False,prestador de serviço Matias Barbosa MG,https://autorizador.unimedcuiaba.coop.br/operadora/,
0,,"Jun 14, 2025 · O que é o conceito de negócio e por que ele importa? O conceito de negócio está relacionado a qualquer atividade econômica que envolva a oferta de bens ou serviços com o …",,,,,,"Conceito de Negócio: Origem, Definição e Significado",,False,False,negócio Juiz de Fora MG,https://lucidarium.com.br/conceito-de-negocio-origem-definicao-e-significado/,
0,,"Ver todas as 10.000+ empresas desta buscaCom o Dunsguide, você pode pesquisar entre mais de 75+ milhões de empresas na América Latina para encontrar os melhores parceiros para trabalhar.",,,,,,"Principais Empresas em Bicas, Minas Gerais, Brasil - Dunsguide",,False,False,empresa Bicas MG,https://www.dunsguide.com/pt/companies/locations/bicas-minas-gerais-brasil,
0,,"6 days ago · Já parou para pensar na complexa jornada que um simples objeto, como seu celular, percorreu antes de chegar às suas mãos? Essa jornada é o coração pulsante da economia …",,,,,,"Tipos de Indústrias: Resumo, Aula e Exercícios - seusaber.com.br",,False,False,indústria Matias Barbosa MG,https://seusaber.com.br/tipos-de-industrias-resumo-aula-e-exercicios/,
0,,"Dec 27, 2024 · Even though we’re always testing new recipes, there’s something about the classics that keep us coming back—and clearly, you feel the same way. From Ina Garten’s lemon roasted …",myname@email.com,,,,,"Our 24 Most Popular Recipes in 2024—Soups, Sauces, Stews",,False,False,prestador de serviço Santana do Deserto MG,https://food52.com/story/28597-most-popular-recipes-2024,
0,,* CPF obrigatório para maiores de 18 anosCopyright © 2025 Solus,,,,,,CADASTRO DE SENHA - Unimed Cuiabá,,False,False,prestador de serviço Matias Barbosa MG,https://autorizador.unimedcuiaba.coop.br/usuario/novoUsuario.php,
0,,"Encontre empresas da cidade de Bicas/MG, suas atividades, telefones, endereço, e-mail, sócios, data de abertura...",,,,,,Cadastro de todas as empresas em Bicas/MG,,False,False,empresa Bicas MG,https://cadastroempresa.com.br/empresas/bicas-mg,
0,,"O termo “negócio” refere-se a uma atividade econômica que envolve a produção, compra e venda de bens ou serviços com o objetivo de gerar lucro. No contexto jurídico, um negócio …",noelle.garcia@adv.oabsp.org.br,,,,,O que é negócio: Entenda o conceito e suas implicações,(14) 98132-5279,False,False,negócio Juiz de Fora MG,https://noellegarcia.com.br/glossario/o-que-e-negocio/,(14) 98132-5279
0,,"View Jonathan Mathis's business profile as Counsel at U.S. Army Corps of Engineers. Find contact's direct phone number, email address, work history, and more.",,,,,,Jonathan Mathis - Cou.. - U.S. Army Corps of Engineers | ZoomInfo,,False,False,empresa Santana do Deserto MG,https://www.zoominfo.com/p/Jonathan-Mathis/4094328545,
0,,"1 day ago · As vendas no comércio recuaram 0,3% na passagem de agosto para setembro. O resultado é o quinto negativo em um período de seis meses. Em agosto, o setor chegou a crescer …",,,,,,"Vendas no comércio caem 0,3% em setembro; quinta queda em ...",,False,False,comércio Juiz de Fora MG,https://agenciabrasil.ebc.com.br/economia/noticia/2025-11/vendas-no-comercio-caem-03-em-setembro-quinta-queda-em-seis-meses,
0,,"Significado de Negócio no Dicio, Dicionário Online de Português. O que é negócio: s.m. Empreendimento comercial, industrial, financeiro; comércio. Estabelecimento comercial;...",icon-cross@2x.png,,,,,"Negócio - Dicio, Dicionário Online de Português",,False,False,negócio Juiz de Fora MG,https://www.dicio.com.br/negocio/,
0,,"Vagas de emprego para Representante comercial autonomo em Juiz de Fora, MG. 19 vagas abertas em diferentes empresas. Envie hoje seu currículo GRÁTIS.",,,,,,"Vagas de Representante comercial autonomo em Juiz de Fora, MG",1763157347,False,False,autônomo Juiz de Fora MG,https://www.catho.com.br/vagas/representante-comercial-autonomo/juiz-de-fora-mg/,1763157347
0,,"Feb 9, 2025 · O que é um Negócio? Negócio é qualquer atividade que envolve a produção, distribuição ou venda de bens e serviços com o objetivo de gerar lucro. Pode ser administrado …",,,,,,"Negócio: O que é? Conceito, Tipos e Exemplos",,False,False,negócio Juiz de Fora MG,https://www.tendenciascentrais.com.br/2025/02/negocio-o-que-e-conceito-tipos-e.html,
0,,"Jun 15, 2025 · A indústria está passando por uma transformação radical com o avanço da tecnologia e a digitalização de processos. A chamada Indústria 4.0 representa a integração de …",,,,,,"Conceito de Indústria: Origem, Definição e Significado",,False,False,indústria Matias Barbosa MG,https://lucidarium.com.br/conceito-de-industria-origem-definicao-e-significado/,
0,,Encontre em nossa lista de categorias e empresas em destaque o telefone e a localização de empresas em Bicas - MG. Escolha a melhor opção perto de você.,,,,,,Lista telefônica online de empresas em Bicas - MG,,False,False,empresa Bicas MG,https://www.empresafone.com.br/lista-cidade/empresas-na-cidade-de-bicas-mg,
0,,Marca: Colli Modelo: Force One Idade recomendada: a partir de 12 anos. Peso suportado: 100 kg Tamanho quadro: 13 Aro 24 aero 36F dianteiro montado Canote reto colli zincado Corrente …,site@lojassantamaria.com.br,,,,,BICICLETA COLLI CAZELLE FORCE ONE ARO-24 S/M BRANCO,(98) 9601-7173,False,False,loja Juiz de Fora MG,https://www.lojassantamaria.com.br/bicicletas/bicicleta-colli-cazelle-force-one-aro-24-sm-branco,(98) 9601-7173
0,,Indústria é a concentração das atividades produtivas destinadas a transformar matéria-prima em mercadorias para os mais diferentes consumos. Sua importância é tão grande nos dias atuais …,954970ecd1ec4429ba733caf5feafd54@glitchtip.7gra.us,,,,,"Indústria: o que é, evolução, exemplos e no Brasil - Toda Matéria",,False,False,indústria Matias Barbosa MG,https://www.todamateria.com.br/industria/,
0,,Consulta AutorizaçãoCopyright © 2025 Solus Computação Ltda,,,,,,Solus - Módulos,,False,False,prestador de serviço Matias Barbosa MG,https://autorizador.unimedcuiaba.coop.br/,
0,,"May 26, 2025 · We’ve scoured the web, crunched the numbers, and taste-tested (someone had to do it!) to bring you the definitive list of the 25 most popular recipes that everyone is making (and …",,,,,,The 25 Most Popular Recipes on the Internet (Seriously!),,False,False,prestador de serviço Santana do Deserto MG,https://happymuncher.com/the-25-most-popular-recipes-on-the-internet-seriously/,
0,,"Neste artigo, vou abordar a definição e os principais conceitos de negócio, sua importância, características e o que é necessário para criar um negócio e prosperar.",,,,,,"O que é Negócio: Definições, Objetivos e Tipos de Negócios",,False,False,negócio Juiz de Fora MG,https://gestaodesegurancaprivada.com.br/o-que-e-negocio-definicoes-objetivos-e-tipos-de-negocios/,
0,,"Jan 1, 2025 · O que é um autônomo? Um autônomo é uma pessoa que trabalha por conta própria, oferecendo serviços ou produtos a clientes. Essa modalidade de trabalho permite uma …",contato@itrabalhistas.com.br,,,,,Entendendo o conceito de trabalhador autônomo na prática,,False,False,autônomo Bicas MG,https://itrabalhistas.com.br/entendendo-o-conceito-de-trabalhador-autonomo-na-pratica/,
0,,"We’ve published over 1,000 delicious recipes this year. Here are your favorites: microwave chocolate pudding cake, one-pot chicken and rice, peanut butter noodles, taverna salad and more.",1149bc99e5114535a75dfb311e5473cc@o82024.ingest.sentry.io,,,,,Our Best Recipes of 2024 - NYT Cooking,,False,False,prestador de serviço Santana do Deserto MG,https://cooking.nytimes.com/68861692-nyt-cooking/120603830-best-2024-recipes,
0,,Pagamento à vista Pagamento à prazo Compre com segurança Todas as regras e promoções são válida apenas para produtos vendidos na loja virtual Tecnologia TrayCommerce Load time: …,site@lojassantamaria.com.br,,,,,Nossas Lojas - Lojas Santa Maria,(98) 9601-7173,False,False,loja Juiz de Fora MG,https://www.lojassantamaria.com.br/nossas-lojas,(98) 9601-7173
0,,"Dec 30, 2024 · With the end of the year just days away, we’re sharing The 25 Most Popular Recipes of 2024. Everything from a quick honey garlic chicken to my favorite chili, to one pan sesame …",,,,,,The 25 Most Popular Recipes of 2024. - Half Baked Harvest,,False,False,prestador de serviço Santana do Deserto MG,https://www.halfbakedharvest.com/the-25-most-popular-recipes-of-2024/,
0,,"Oct 17, 2019 · His desire to do more for his clients was bolstered by the initial efforts of Capt. Jonathan Mathis, Special Victims Counsel here. “I was thinking about my role here and about a …",,,,,,Missourian receives prestigious Army award – U.S. Army Fort Leonard Wood,,False,False,empresa Santana do Deserto MG,https://ftleonardwoodpresscenter.com/missourian-receives-prestigious-army-award/,
0,,"Veja aqui o Guia Mais completo de endereços, telefones, locais, serviços e recomendações feitas …",,,,,,"Bicas, Bicas, MG - GuiaMais",,False,False,negócio Bicas MG,https://www.guiamais.com.br/bicas-mg/bicas,
0,,"This portal facilitates public access to court-martial summaries, docket information, filings, and records pertaining to Army courts-martial pursuant to 10 U.S.C. § 940a (Article 140a, Uniform...",,,https://www.instagram.com/p/C8b8DvPR7VK/,,,US Army Court-Martial Public Record System,,False,False,empresa Santana do Deserto MG,https://www.jagcnet.army.mil/ACMPRS,
0,,"Independentemente da existência do dinheiro, é a oferta e a procura por mercadorias ou serviços que permite a existência do comércio.",,,,,,Comércio - O que é o comércio? - Brasil Escola,,False,False,comércio Juiz de Fora MG,https://brasilescola.uol.com.br/economia/comercio.htm,
0,,"Perguntas frequentes Como cadastrar nova senha de acesso ao cadastro da empresa? Para cadastrar nova senha de empresa, utilize a …",,,,,,Cadastro de empresas — Agência Nacional de Vigilância Sanitária - An…,,False,False,empresa Simão Pereira MG,https://www.gov.br/anvisa/pt-br/sistemas/cadastro/cadastro-de-empresas,
0,,"As the Special Victims’ Counsel at Fort Leonard Wood, MO, I pioneered an outreach program for victims of domestic violence that has gained attention at the highest levels of the Army.",,,,,,Jonathan Mathis - Special Victims' Counsel at US Army | LinkedIn,,False,False,empresa Santana do Deserto MG,https://www.linkedin.com/in/jonathan-mathis-53607214a,
0,,"Confira os preços e ofertas da Lojas Santas Maria para comprar micro-ondas, Geladeira, Máquina de lavar, Fogão e muito mais na melhor loja de eletrodomésticos!",site@lojassantamaria.com.br,,,,,Eletrodomésticos - Melhores Preços aqui! - Lojas Santa Maria,(98) 9601-7173,False,False,loja Juiz de Fora MG,https://www.lojassantamaria.com.br/eletrodomesticos,(98) 9601-7173
0,,"Dimensões do Produto Altura: 74 cm Largura: 136 cm Profundidade: 39,5 cm Peso: 27,35 kg - Possui 3 Prateleira - Possui 5 Nicho - Possui 1 Amplo Tampo - Possui 6 Rodas Para Melhor …",site@lojassantamaria.com.br,,,,,BANCADA CAEMMUN DRAGON 1.36CM FREIJO/OFF WHITE,(98) 9601-7173,False,False,loja Chácara MG,https://www.lojassantamaria.com.br/sala/bancada-caemmun-dragon-1-36cm-freijooff-white,(98) 9601-7173
0,,"Oct 17, 2019 · Gary Chura, right, Fort Leonard Wood Office of the Staff Judge Advocate chief of client services, and Capt. Jonathan Mathis, Special Victims Counsel, have pooled their legal …",,,,,,Rolla resident receives prestigious Army award | News ...,,False,False,empresa Santana do Deserto MG,https://www.phelpscountyfocus.com/news/article_98726814-f114-11e9-b5b6-d33c0dd74f8c.html,
0,,"Dimensões do Produto Altura: 74 cm Largura: 136 cm Profundidade: 39,5 cm Peso: 27,35 kg - Possui 3 Prateleira - Possui 5 Nicho - Possui …",site@lojassantamaria.com.br,,,,,BANCADA CAEMMUN DRAGON 1.36CM FREIJO/OFF WHITE - Loja S…,(98) 9601-7173,False,False,loja Matias Barbosa MG,https://www.lojassantamaria.com.br/sala/bancada-caemmun-dragon-1-36cm-freijooff-white,(98) 9601-7173
0,,"Kalibrierung, auch Kalibration (lateinische Wortbildung; s. a. englisch calibration) ist in der Messtechnik ein Messprozess zur …",,,,,,Kalibrierung – Wikipedia,,False,False,loja Matias Barbosa MG,https://de.m.wikipedia.org/wiki/Kalibrierung,85018860
0,,"Feb 28, 2024 · A partir daí, o responsável pela a empresa poderá gerenciar colaboradores, importar colaboradores e desativar a empresa. Atenção: A atuação será consultada no sistema da Receita …",,,,,,Como vincular CNPJ — Governo Digital,,False,False,empresa Juiz de Fora MG,https://www.gov.br/governodigital/pt-br/acessibilidade-e-usuario/atendimento-gov.br/duvidas-na-conta-gov.br/duvidas-na-vinculacao-de-cnpj-no-gov.br/como-vincular-cnpj,2024-2027
0,,"Significado de Autônomo no Dicio, Dicionário Online de Português. O que é autônomo: s.m. Aquele que trabalha por conta própria. adj. Que é independente ou livre; que possui...",icon-cross@2x.png,,,,,"Autônomo - Dicio, Dicionário Online de Português",,False,False,autônomo Bicas MG,https://www.dicio.com.br/autonomo/,
0,,"R$ 2.379,15 R$ 2.248,30 à vista com desconto ou 10x de R$ 237,92 Sem juros",site@lojassantamaria.com.br,,,,,ROUPEIRO CAEMMUN ROMANUS LUX 2.4 2 PORTAS 4 GAVETAS …,(98) 9601-7173,False,False,loja Juiz de Fora MG,https://www.lojassantamaria.com.br/quarto/roupeiro-caemmun-romanus-lux-2-4-2-portas-4-gavetas-com-espelho-freijooff-white,(98) 9601-7173
0,,"O Sindicato dos Comerciários de São Paulo (SECSP) fechou, na tarde desta quarta-feira, 15 de outubro, mais uma importante Convenção Coletiva de Trabalho, desta vez com o Sincojoias – …",,,,,,SECSP - Sindicato dos Comerciários de São Paulo,(11)2121-5900,False,False,comércio Juiz de Fora MG,https://www.comerciarios.org.br/,(11)2121-5900
0,,Vagas para Autônomo em Juiz de Fora/MG. Registre gratuitamente o seu currículo no Trabalha Brasil e candidate-se.,,,,,,Vagas de emprego para Autônomo em Juiz de Fora/MG,,False,False,autônomo Juiz de Fora MG,https://www.trabalhabrasil.com.br/vagas-empregos-em-juiz-de-fora-mg/autonomo,
0,,O comércio baseia-se na troca voluntária de produtos ou serviços. As trocas podem ter lugar entre dois parceiros (comércio bilateral) ou entre mais do que dois parceiros (comércio multilateral).,,,,,,"Comércio – Wikipédia, a enciclopédia livre",97802710475,False,False,comércio Juiz de Fora MG,https://pt.wikipedia.org/wiki/Comércio,9780271047
0,,"Indústria é um conjunto de atividades econômicas voltada à produção de bens em larga escala utilizando recursos naturais. Tecnologia, mão de obra e maquinário são também usados para …",john@doe.com,,,,,"Indústria - O que é, tipos, evolução, na sociedade e na economia",,False,False,indústria Matias Barbosa MG,https://conceito.de/industria,2010-2025
0,,"Se você está procurando por salões de beleza, restaurantes, lojas, serviços de limpeza, pet shops …",,,,,,Empresas em Centro de Bicas | Telefones e endereços de,,False,False,negócio Bicas MG,https://listatudo.com.br/centro-bicas/,32327112
0,,Autônomo em Juiz de Fora /MG 4707494 | Vaga disponível para receber candidatos. Verifique as informações e envie seu currículo.,,,,,,Vaga emprego Autônomo em Juiz de Fora/MG #4707494,,False,False,autônomo Juiz de Fora MG,https://www.trabalhabrasil.com.br/vagas-empregos-em-juiz-de-fora-mg/autonomo/4707494,
0,,"Dec 9, 2020 · Encontre empresas da cidade de Bicas/MG, suas atividades, telefones, endereço, e …",,,,,,"Lista de empresas em Bicas, MG - cnpj.biz",,False,False,negócio Bicas MG,https://cnpj.biz/empresas/bicas-mg,
0,99.999.999/9999-99,Este site é melhor visualizado em Chrome ou Firefox Clique na imagem para fazer o download,,,,,,Prestador - Unimed Cuiabá,,True,False,prestador de serviço Matias Barbosa MG,https://autorizador.unimedcuiaba.coop.br/prestador/index.php,
0,61.672.480/0001-21,"Dados das empresas em no estado MG: maiores empresas, principais bairros, estatísticas e contatos.",,,,,,Empresas em Bicas/MG,61510181768,True,False,empresa Bicas MG,https://empresasminasgerais.com.br/bicas,6151018176
0,,"Oct 23, 2025 · O Consumidor.gov.br é um serviço público que permite a interlocução direta entre consumidores e empresas para solução de conflitos de consumo pela internet. O consumidor …",,,,,,Reclamar contra serviço ou produto de empresas privadas - gov,,False,False,empresa Juiz de Fora MG,https://www.gov.br/pt-br/servicos/reclamar-contra-servico-ou-produto-de-empresas-privadas,
0,,"Apr 8, 2025 · Comércio pode ser definido como a atividade de comprar e vender produtos e serviços. Essa prática não se limita apenas à troca de dinheiro por bens materiais; ela também …",,,https://www.instagram.com/sindicomerciojf/,,,O que é comércio: Entenda sua importância e tipos,,False,False,comércio Juiz de Fora MG,https://vendendoservicos.com.br/o-que-e-comercio-entenda-sua-importancia-e-tipos/,
0,,"Comércio Vamos explicar o que é o comércio, sua origem, evolução e sua importância. Além disso, os tipos de comércio, o comércio equitativo e muito mais.",,,,,,"Comércio: o que é, tipos, importância e características",,False,False,comércio Juiz de Fora MG,https://humanidades.com/br/comercio/,2016-2025
0,,"A indústria está incumbida de transformar a matéria-prima em um produto com a finalidade de ser comercializado para pessoas ou outras indústrias, isso ocorre com a indispensável …",,,,,,"Indústria – Wikipédia, a enciclopédia livre",97802710475,False,False,indústria Matias Barbosa MG,https://pt.wikipedia.org/wiki/Indústria,9780271047
0,,"R$ 2.379,15 R$ 2.248,30 à vista com desconto ou 10x de R$ 237,92 Sem juros",site@lojassantamaria.com.br,,,,,ROUPEIRO CAEMMUN ROMANUS LUX 2.4 2 PORTAS 4 …,(98) 9601-7173,False,False,loja Chácara MG,https://www.lojassantamaria.com.br/quarto/roupeiro-caemmun-romanus-lux-2-4-2-portas-4-gavetas-com-espelho-freijooff-white,(98) 9601-7173
0,,Procurando Boutiques Bicas - MG? Você acha no Guia Fácil. Descubra opções confiáveis e …,,,,,,Boutiques Bicas - MG | Guia Fácil,,False,False,negócio Bicas MG,https://guiafacil.com/encontre/boutiques/bicas/mg,
0,99.999.999/9999-99,Este site é melhor visualizado em Chrome ou Firefox Clique na imagem para fazer o download,,,,,,Comercial - Unimed Cuiabá,,True,False,prestador de serviço Matias Barbosa MG,https://autorizador.unimedcuiaba.coop.br/comercial/index.php,
0,,"Encontre novas empresas em Bicas, MG. Dados atualizados em tempo real para prospecção e leads B2B. Exporte CNPJ, endereço, e-mail e telefone em Excel.",,,,,,"Lista de Empresas em Bicas, MG | CNPJá",(32) 3271-1311,False,False,empresa Bicas MG,https://cnpja.com/municipality/3106903,(32) 3271-1311
0,,"Mar 13, 2025 · Procure vagas de Autônomo em Juiz de Fora. Veja salários e avaliações de empresas, além de 18 vagas abertas de Autônomo em Juiz de Fora.",,,,,,18 vagas de autônomo – Juiz de Fora | Glassdoor,,False,False,autônomo Juiz de Fora MG,"https://www.glassdoor.com.br/Vaga/juiz-de-fora-autônomo-vagas-SRCH_IL.0,12_IC2404436_KO13,21.htm",
0,,"R$ 2.379,15 R$ 2.248,30 à vista com desconto ou 10x de R$ 237,92 Sem juros",site@lojassantamaria.com.br,,,,,ROUPEIRO CAEMMUN ROMANUS LUX 2.4 2 PORTAS 4 GAVETAS COM ESP…,(98) 9601-7173,False,False,loja Matias Barbosa MG,https://www.lojassantamaria.com.br/quarto/roupeiro-caemmun-romanus-lux-2-4-2-portas-4-gavetas-com-espelho-freijooff-white,(98) 9601-7173
0,99.999.999/9999-99,Este site é melhor visualizado em Chrome ou Firefox Clique na imagem para fazer o download,,,,,,Beneficiário - Unimed Cuiabá,,True,False,prestador de serviço Matias Barbosa MG,https://autorizador.unimedcuiaba.coop.br/usuario/index.php,
0,,"A indústria se divide em sete tipos principais, incluindo indústria de base, bens de consumo, extrativa e transformação. Cada uma desempenha um papel estratégico no crescimento …",,,,,,Tipos de Indústrias: Classificação e Impacto no Brasil | A Voz da Indústria,,False,False,indústria Matias Barbosa MG,https://avozdaindustria.com.br/gestao/tipos-de-industrias/,
0,,Pagamento à vista Pagamento à prazo Compre com segurança Todas as regras e promoções são válida apenas para produtos vendidos na loja virtual,site@lojassantamaria.com.br,,,,,Loja Santa Maria - A loja da sua Família,(98) 9601-7173,False,False,loja Juiz de Fora MG,https://www.lojassantamaria.com.br/,(98) 9601-7173
0,,"Autônomo é um adjetivo que qualifica algo ou alguém que age de acordo com as normas de sua própria conduta, seguindo as suas leis e imposições sem a interferência de outrem.",logo@2x.png,,,,,"Significado de Autônomo (O que é, Conceito e Definição)",,False,False,autônomo Bicas MG,https://www.significados.com.br/autonomo/,
0,,"Seu comentário foi enviado com sucesso, Obrigado por opinar em nossa loja",site@lojassantamaria.com.br,,,,,COMODA TCIL ISTAMBUL 2 PORTAS 5 GAVETAS NEVE - Loja …,(98) 9601-7173,False,False,loja Juiz de Fora MG,https://www.lojassantamaria.com.br/quarto/comoda-tcil-istambul-2-portas-5-gavetas-neve,(98) 9601-7173
0,,"Negócio O termo ""negócios"" tem raízes antigas e historicamente refere-se às atividades comerciais, transações e intercâmbio de bens e serviços entre pessoas.",,,,,,"Negócio – Wikipédia, a enciclopédia livre",97802710475,False,False,negócio Juiz de Fora MG,https://pt.wikipedia.org/wiki/Negócio,9780271047
0,,"Sep 2, 2025 · Definition: Kalibrieren beschreibt den Vorgang, bei dem ein Messgerät mit einem präzisen Referenzgerät verglichen wird, um …",,,,,,Was bedeutet Kalibrieren? Einfach erklärt - CHIP,,False,False,loja Matias Barbosa MG,https://praxistipps.chip.de/was-bedeutet-kalibrieren-einfach-erklaert_42939,
0,,- Material da estrutura em MDP e MDF - Acabamento em U.V - 6 Portas - 3 Gavetas - Prateleiras - Corrediças metálica - Puxadores em MDF revestido - Cabideiros e calceiro em madeira …,site@lojassantamaria.com.br,,,,,ROUPEIRO B367 6 PORTAS 3 GAVETAS NATURE/OFF WHITE …,(98) 9601-7173,False,False,loja Juiz de Fora MG,https://www.lojassantamaria.com.br/quarto/roupeiro-b367-6-portas-3-gavetas-natureoff-white-flex-briz,(98) 9601-7173
