capital_numerico,cnpj,descricao_google,facebook,instagram,linkedin,municipio_receita,nome_google,tem_cnpj,tem_receita,termo_busca,url
0,,A Prefeitura de Santana do Deserto comunica que est√° aberto processo para contrata√ß√£o tempor√°ria de Motorista para substitui√ß√£o de servidores efetivos afastados ...,,https://www.instagram.com/prefeiturajuizdefora/,https://br.linkedin.com/company/prefeitura-de-juiz-de-fora,,Prefeitura de Santana do Deserto ‚Äì Site oficial da Prefeitura ...,False,False,aut√¥nomo Santana do Deserto MG,https://santanadodeserto.mg.gov.br/
0,,"Nosso compromisso √© entender o que realmente importa para cada cliente, oferecendo m√≥veis que unem qualidade, funcionalidade e estilo. Aqui, o atendimento √© ...",https://www.facebook.com/Obarataodeminas/,https://www.instagram.com/bessa_moveis1988/,,,Bessa M√≥veis | Ch√°cara MG,False,False,loja Ch√°cara MG,https://www.facebook.com/Obarataodeminas/
0,03.631.764/0002-54,"‚Ä¢ SIMAPPEL Bobinas de Papel√£o Ondulado Sim√£o Pereira - MG Para mais informa√ß√µes, entre em contato conosco pelo direct ou pelo telefone (32) 99156-9625 ...",https://www.facebook.com/100065687164578,https://www.instagram.com/simappel/,https://br.linkedin.com/company/papel%C3%A3o-ondulado,,Papel√£o Ondulado (@simappel),True,False,ind√∫stria Sim√£o Pereira MG,https://www.instagram.com/simappel/
0,44.532.415/0001-81,"Empresas no bairro Centro em Bicas com dados de contato! Maiores empresas em Bicas, listas de novas empresas e ind√∫strias, quantidade por segmento CNAE e ...",,https://www.instagram.com/p/C9xnqrPPJfC/,https://br.linkedin.com/company/guiandotecnologia,,Empresas em Centro - Bicas (MG),True,False,empresa Bicas MG,https://www.empresaqui.com.br/listas-de-empresas/MG/BICAS/centro
0,60.867.394/0001-01,"Chic Modas - A Loja do Roney, Matias Barbosa. 612 likes ¬∑ 116 were here. Criei esta p√°gina pra demonstrar os produtos da loja Chic Cal√ßados!!!!",https://www.facebook.com/ChicModasAlojaDoRoney/?locale=pt_BR,,https://br.linkedin.com/directory/people/i-123,,Chic Modas - A Loja do Roney | Matias Barbosa MG,True,False,loja Matias Barbosa MG,https://www.facebook.com/ChicModasAlojaDoRoney/?locale=pt_BR
0,99.999.999/9999-99,"Segmento. Bebidas ; Porte. M√©dia (de 50 a 99 empregados) ; Endere√ßo. Av Empresarial Park Sul, S/N√Ç¬∫ ‚Ä¢ Galp√£o 40 ‚Ä¢ Park Sul ‚Ä¢ 36.120-000 ‚Ä¢ Matias Barbosa - MG.",,https://www.instagram.com/reel/DEU53tQuPuZ/?hl=ml,,,cia mineira ind√∫stria e com√©rcio de bebidas ltda - epp,True,False,ind√∫stria Matias Barbosa MG,https://jfempregos.com.br/empresa/cia-mineira-industria-e-comercio-de-bebidas-ltda-epp
0,,No Imovelweb voc√™ encontra 4.659 Rurais Ch√°caras √† venda em Minas Gerais. Explore as melhores ofertas agora de venda de rurais ch√°caras em Minas Gerais.,,https://www.instagram.com/sitiosefazendas_/,,,4.659 Rurais Ch√°caras √† venda em Minas Gerais,False,False,neg√≥cio Ch√°cara MG,https://www.imovelweb.com.br/rurais-chacara-venda-minas-gerais.html
0,44.532.415/0001-81,"Empresas no bairro Centro em Matias Barbosa com dados de contato! Maiores empresas em Matias Barbosa, listas de novas empresas e ind√∫strias, quantidade por ...",,,,,Empresas em Centro - Matias Barbosa (MG),True,False,empresa Matias Barbosa MG,https://www.empresaqui.com.br/listas-de-empresas/MG/MATIAS_BARBOSA/centro
0,34.116.150/0001-87,Ch√°cara - MG √© uma pequena cidade que se destaca pela alta regularidade das vendas no ano e por apresentar novas oportunidades de neg√≥cios.,https://www.facebook.com/prefeituradechacara/?locale=pt_BR,https://www.instagram.com/prefeitura_de_chacara/,https://br.linkedin.com/in/melina-assis/pt,,Economia de Ch√°cara - MG,True,False,com√©rcio Ch√°cara MG,https://www.caravela.info/regional/ch%C3%A1cara---mg
0,,Santana do Deserto √© um munic√≠pio brasileiro do estado de Minas Gerais. Sua popula√ß√£o recenseada em 2022 era de 3 747 habitantes.,,https://www.instagram.com/santanadodeserto/,,,"Santana do Deserto ‚Äì Wikip√©dia, a enciclop√©dia livre",False,False,aut√¥nomo Santana do Deserto MG,https://pt.wikipedia.org/wiki/Santana_do_Deserto
0,,PROCESSO SELETIVO - C√ÇMARA DE CH√ÅCARA/MG. Est√° aberto o Processo Seletivo Simplificado n¬∫ 02/2025 para contrata√ß√£o tempor√°ria de T√©cnico ...,,,,,P√°gina Inicial ‚Äî C√¢mara Municipal,False,False,prestador de servi√ßo Ch√°cara MG,https://www.chacara.mg.leg.br/
0,15.088.380/0001-35,"ASCOSB - ASSOCIACAO COMERCIAL, INDUSTRIAL, AGROINDUSTRIAL E PRESTADORES DE SERVICOS DE SAO JOAQUIM DE BICAS. ¬∑ Dados gerais ¬∑ √Åreas e Sub√°reas de Atua√ß√£o da OSC ...",,https://www.instagram.com/acejuizdefora/,,,"ASCOSB - ASSOCIACAO COMERCIAL, INDUSTRIAL ...",True,False,prestador de servi√ßo Bicas MG,https://mapaosc.ipea.gov.br/detalhar/1245038
0,,"Aqui no BH voc√™ encontra tudo que precisa pro seu neg√≥cio. Por isso, chegou seu momento, comerciantes do Espirito Santo. S√≥ vem! # ...",,,,,"√© um compromisso com a comunidade local, oferecendo ...",False,False,com√©rcio Bicas MG,https://www.instagram.com/reel/DBj-CFTv27-/
0,,"404 an√∫ncios de Lojas, Sal√µes e Pontos Comerciais para alugar em Centro, Juiz de Fora, MG. Descubra milhares de ofertas com pre√ßos imperd√≠veis. Confira j√°!",,,,,"Lojas, Sal√µes e Pontos Comerciais para alugar",False,False,loja Juiz de Fora MG,https://www.zapimoveis.com.br/aluguel/loja-salao/mg+juiz-de-fora++centro/
0,19.438.577/0001-08,"Endere√ßo: Avenida Presidente Itamar Franco, 3830 Loja 1 ‚Äì Cascatinha, Juiz De Fora ‚Äì MG Telefone: (32) 99932-1816. Home ¬∑ Sobre ¬∑ Onde estamos ¬∑ Equipe ...",https://www.facebook.com/InvestSmartXP/?locale=pt_BR,https://www.instagram.com/investsmart.xp/,https://br.linkedin.com/company/investsmartxp,,Juiz De Fora - InvestSmart Agente Aut√¥nomo de Investimentos,True,False,aut√¥nomo Juiz de Fora MG,https://investsmart.com.br/escritorio/juiz-de-fora/
0,,Esta p√°gina foi criada com o objetivo de informar a popula√ß√£o de Santana do Deserto sobre os trabalhos desenvolvidos pela Secretaria Municipal de ...,https://www.facebook.com/SMAS.SANTANA/,https://www.instagram.com/p/DLD1L5kskRq/,https://br.linkedin.com/in/raquel-sena-3895941a3,,Assist√™ncia Social-Santana do Deserto,False,False,aut√¥nomo Santana do Deserto MG,https://www.facebook.com/SMAS.SANTANA/
0,,"No Wimoveis encontra 43 Terrenos √† venda na Ch√°cara, MG. Descubra as melhores ofertas √† venda de terrenos em Ch√°cara.",https://www.facebook.com/groups/1040306169344949/posts/32056909987257828/,https://www.instagram.com/reel/DPWKWVdDltT/,,,"43 Terrenos √† venda - Ch√°cara, MG",False,False,neg√≥cio Ch√°cara MG,https://www.wimoveis.com.br/venda/terrenos/mg/chacara
0,03.951.859/0001-74,"No ranking das maiores Empresas de Industria em Santana do Deserto, MG, est√£o: 1. REMYLIA, 2. INDUSTRIA ALIMENTICIA R. BUNEL LTDA, 3. NOVAPACK INDUSTRIA E ...",,,,,"50 Maiores Empresas de Industria em Santana do Deserto, ...",True,False,ind√∫stria Santana do Deserto MG,https://www.econodata.com.br/maiores-empresas/mg-santana-do-deserto/busca-industria
0,,"SECRETARIA DE ASSIST√äNCIA SOCIAL, TRABALHO E HABITA√á√ÉO. PRESTADORES DE SERVI√áO. CRAS. NOME. CARGO. REMUNERA√á√ÉO. JUSTIFICATIVA ... (32) 3271-6650 ‚Äì www.bicas.mg.",,,,,RELA√á√ÉO DOS PRESTADORES DE SERVI√áOS ‚Äì FORA ...,False,False,prestador de servi√ßo Bicas MG,https://www.bicas.mg.gov.br/abrir_arquivo.aspx/Marco_2023?cdLocal=2&arquivo=%7BAE7EC03A-A1CE-DBC3-ED37-82CE0CCC27AD%7D.pdf
0,03.631.764/0001-73,"SIMAPPEL Bobinas de Papel√£o Ondulado Sim√£o Pereira - MG Para mais informa√ß√µes, entre em contato conosco pelo direct ou pelo telefone (32) 99156-9625 # ...",https://www.facebook.com/p/Simappel-100071864327089/,https://www.instagram.com/simappel/,,,Simappel,True,False,ind√∫stria Sim√£o Pereira MG,https://www.facebook.com/p/Simappel-100071864327089/
0,11.576.129/0001-69,"No ranking das maiores Empresas em Sim√£o Pereira, MG, est√£o: 1. CARTORIO FARIA RIBEIRO, 2. SIMAO PEREIRA GABINETE PREFEITO, 3. ASSOCIACAO CENTRO DE ESTUDOS ...",,,,,"50 Maiores Empresas em Sim√£o Pereira, MG",True,False,empresa Sim√£o Pereira MG,https://www.econodata.com.br/maiores-empresas/mg-simao-pereira
0,,"Matr√≠cula: 181 DO C.R.I DE MATIAS BARBOSA/MG. Descri√ß√£o: IM√ìVEL SITUADO √Ä RUA PEDRO COELHO BADAR√ì, N¬∫ 128, SERRARIA, EM SANTANA DO DESERTO/MG, SENDO UM TERRENO ...",,,,,IM√ìVEL INDUSTRIAL EM SANTANA DO DESERTO/MG,False,False,ind√∫stria Santana do Deserto MG,https://www.isaiasleiloes.com.br/leilao/4767/lotes
0,18.338.137/0001-16,"Torna-se p√∫blico que o Munic√≠pio de Ch√°cara, por meio do Departamento de. Licita√ß√µes e Contratos, sediado junto √† Rua Heitor C√¢ndido, n¬∫ 60, ...",,,,,prefeitura municipal de ch√°cara,True,False,aut√¥nomo Ch√°cara MG,https://pncp.gov.br/pncp-api/v1/orgaos/18338137000116/compras/2025/34/arquivos/1
0,18.144.974/0001-04,"üèóÔ∏è Sobre a nova unidade: A filial de Bicas possui 20 mil m¬≤, incluindo docas com plataformas niveladoras, integrando-se perfeitamente √† nossa ...",,https://www.instagram.com/arrow.logistica/,https://br.linkedin.com/company/arrow-transportes,,üööüöÄüôå A Arrow Transportes e Log√≠stica d√° um ... - Instagram,True,False,empresa Bicas MG,https://www.instagram.com/p/DFXy3yOu_u6/
0,03.951.859/0001-74,"Possui territ√≥rio montanhoso, com paisagens bel√≠ssimas e lindas cachoeiras.",,https://www.instagram.com/santanadodeserto/,https://br.linkedin.com/in/patr%C3%ADcia-gualberto-b659b824,,Santana do Deserto,True,False,prestador de servi√ßo Santana do Deserto MG,https://www.minasgerais.com.br/pt/destinos/santana-do-deserto
0,,Santana do Deserto -MG ‚öíÔ∏èProdutos agropecu√°rios e materiais de constru√ß√£o ‚Äç‚ôÇÔ∏èLoja do Ricardo WhatsApp: (32)98448-4647 ...,,,,,"Constru√ß√£o, Agropecu√°ria e Diversos (@ricardoplanetarural)",False,False,com√©rcio Santana do Deserto MG,https://www.instagram.com/ricardoplanetarural/
0,22.192.546/0001-24,"No ranking das maiores Empresas em Matias Barbosa, MG, est√£o: 1. MATIAS BARBOSA GABINETE PREFEITO, 2. R&D MINERACAO E CONSTRUCAO LTDA, 3.",,,,,"50 Maiores Empresas em Matias Barbosa, MG",True,False,empresa Matias Barbosa MG,https://www.econodata.com.br/maiores-empresas/mg-matias-barbosa
0,,"Vaga de Revendedor. Natura Avon. Santana do Deserto/MG. R$ 250,00 por m√™s; Presencial; Aut√¥nomo; Santana do Deserto/MG. Descri√ß√£o Como revendedor(a) autorizado( ...",,https://www.instagram.com/vagas019/,https://br.linkedin.com/jobs/vagas-em-santana-do-deserto,,Vagas de Emprego em Santana do Deserto/MG,False,False,aut√¥nomo Santana do Deserto MG,https://www.trabalhabrasil.com.br/vagas-empregos-em-santana-do-deserto-mg
0,39.608.193/0001-01,"De MG para todo Brasil | Compre no link abaixo Rua Bar√£o de Cataguases, 471 Rua Marechal Deodoro, 523 Rua S√£o Mateus, 604 - Juiz de Fora MG.",https://m.facebook.com/lnstorejf/videos/?ref=page_internal&mt_nav=0,https://www.instagram.com/lnstore/,,,LN Store | Moda Feminina (@lnstore),True,False,loja Juiz de Fora MG,https://www.instagram.com/lnstore/
0,00.375.860/0001-00,"Bunel Ltda com sede em Santana do Deserto, MG e Novapack Industria e Comercio de Embalagens e Descartaveis - Ltda com sede em Santana do Deserto, MG. Ver mais ...",,,,,"Lista de Empresas de Industria em Santana do Deserto, MG",True,False,ind√∫stria Santana do Deserto MG,https://www.econodata.com.br/empresas/mg-santana-do-deserto/busca-industria
0,,"Se voc√™ est√° pensando em trocar algo na sua casa‚Ä¶ √© agora. Visite nossa loja, escolha seus m√≥veis e viva a experi√™ncia de conforto e estilo da Bessa M√≥veis. # ...",https://www.facebook.com/Obarataodeminas/,https://www.instagram.com/bessa_moveis1988/,,,"Bessa M√≥veis (@bessa_moveis1988) ¬∑ Ch√°cara, MG",False,False,loja Ch√°cara MG,https://www.instagram.com/bessa_moveis1988/
0,,"Mais de 62 lotes/terrenos √† venda em Ch√°cara, Minas Gerais. Acesse as melhores ofertas de venda de lotes/terrenos em Ch√°cara.",https://www.facebook.com/groups/574437370718586/posts/1407423267419988/,https://www.instagram.com/reel/DPWKWVdDltT/,,,62 Lotes/Terrenos √† venda em Ch√°cara - MG,False,False,neg√≥cio Ch√°cara MG,https://www.vivareal.com.br/venda/minas-gerais/chacara/lote-terreno_residencial/
0,23.816.153/0001-07,"A empresa Newtex trabalha desde 2015 na categoria Confec√ß√µes de Roupas na cidade de Santana do Deserto, MG na Rua Francisco D Portugal, N¬∫ 107 - Centro.",,,,,"Newtex em Santana do Deserto, MG",True,False,ind√∫stria Santana do Deserto MG,https://www.solutudo.com.br/empresas/mg/santana-deserto/confeccoes-de-roupas/newtex-7444120
0,33.119.464/0001-70,"Entre tradi√ß√£o e inova√ß√£o, Matias Barbosa se projeta como um polo de prosperidade e qualidade de vida em Minas Gerais. Com economia s√≥lida, ...",,https://www.instagram.com/p/DQCoTp9EYrx/,,,Matias Barbosa se consolida como polo de ... - G1,True,False,ind√∫stria Matias Barbosa MG,https://g1.globo.com/mg/zona-da-mata/especial-publicitario/alta-vista-matias/noticia/2025/10/22/matias-barbosa-se-consolida-como-polo-de-desenvolvimento-na-zona-da-mata.ghtml
0,29.587.198/0001-33,"Claro que voc√™ j√° ouviu falar no Bar e Lanchonete Fundo de Quintal n√©? L√° Funciona de segunda a s√°bado sempre a partir das 18:00, trabalhando sempre com ...",,,https://br.linkedin.com/in/matheus-silveira-pp,,Com√©rcio Di√°rio de Ch√°cara,True,False,com√©rcio Ch√°cara MG,https://www.facebook.com/100069764823261/
0,,"vagas de emprego: ch√°cara, mg ¬∑ Atendimento ao p√∫blico - SETOR COMERCIAL ¬∑ Profissional de Vendas (Comissionado) ¬∑ Operador de Caixa (Sem Experi√™ncia) ¬∑ Promotor(a) ...",,https://www.instagram.com/vagasdejf/,https://br.linkedin.com/jobs/vagas-em-juiz-de-fora,,"vagas de emprego: ch√°cara, mg",False,False,empresa Ch√°cara MG,"https://br.indeed.com/l-ch%C3%A1cara,-mg-vagas.html"
0,22.192.546/0001-24,"Empresas em Matias Barbosa com dados de contato! Maiores empresas em Matias Barbosa, listas de novas empresas e ind√∫strias, quantidade por segmento CNAE e ...",,,,,Listas de Empresas em Matias Barbosa (MG),True,False,empresa Matias Barbosa MG,https://www.empresaqui.com.br/listas-de-empresas/MG/MATIAS_BARBOSA
0,,272 Vagas de Emprego de Autonomo em Juiz de Fora - MG. Temos Novas Vagas Exclusivas para voc√™. Cadastre seu curr√≠culo GR√ÅTIS.,,,,,Vagas de Emprego de autonomo em Juiz de Fora - MG,False,False,aut√¥nomo Juiz de Fora MG,"https://www.infojobs.com.br/vagas-de-emprego-autonomo-em-juiz-fora,-mg.aspx"
0,,Descubra as melhores ofertas de Chacara Barata Em Minas Gerais. Grande variedade de im√≥veis √† venda e para aluguel no Mercado Livre.,,https://www.instagram.com/reel/DF501mLPkCk/,,,Chacara Barata Em Minas Gerais,False,False,neg√≥cio Ch√°cara MG,https://lista.mercadolivre.com.br/chacara-barata-em-minas-gerais
0,29.497.833/0001-91,A R&D Transportes Logistica atua em todo o territ√≥rio nacional com excel√™ncia em transporte rodovi√°rio de cargas fracionadas e dedicadas. Com foco em resultados ...,,https://www.instagram.com/transcatarinatr/,https://br.linkedin.com/company/transportadora-expresso-m-r,,Transportadoras em Bicas - MG,True,False,empresa Bicas MG,https://guiadotransporte.com.br/transportadoras/bicas-mg
0,58.341.204/0001-76,"A empresa Comercio de Produtos Alimenticios Simao Pereira LTDA de CNPJ 58.341.204/0001-76, foi fundada em 04/12/2024 na cidade Sim√£o Pereira no estado Minas ...",,,,,Comercio de Produtos Alimenticios Simao...,True,False,com√©rcio Sim√£o Pereira MG,https://cnpj.biz/58341204000176
0,18.516.445/0003-56,Encontre Industrias Completas novos e usados para compra e venda em Matias Barbosa/MG.,,https://www.instagram.com/inusaengenharia/,https://br.linkedin.com/company/perfiminas-ind%C3%BAstria-metal%C3%BArgica-ltda.,,Industrias Completas em Matias Barbosa/MG,True,False,ind√∫stria Matias Barbosa MG,https://app.farmby.com.br/classificados/mg/matias-barbosa/industrias-completas
0,20.436.333/0002-56,"O Sindicomerci√°rios JF oferece atendimento jur√≠dico aos comerci√°rios nas quest√µes trabalhistas e, se necess√°rio, ingresso com processos judiciais. Veja Mais.",https://www.facebook.com/sindicomerciojf/?locale=pt_BR,https://www.instagram.com/sindicomerciariosjf/,https://br.linkedin.com/company/sindicom-rcio-juiz-de-fora,,SINDICATO DOS EMPREGADOS NO COM√âRCIO DE JUIZ ...,True,False,com√©rcio Juiz de Fora MG,https://secjf.com.br/
0,34.028.316/7409-05,"Estat√≠sticas das 551 Empresas do Munic√≠pio: SANTANA DO DESERTO - MG ; 2¬∞, 34.028.316/7409-05 ¬∑ EMPRESA BRASILEIRA DE CORREIOS E TELEGRAFOS ; 3¬∞, 03.951.859/0001- ...",,,https://br.linkedin.com/in/allan-guedes-silva,,Estat√≠sticas de Empresas do Munic√≠pio: SANTANA DO ...,True,False,ind√∫stria Santana do Deserto MG,https://casadosdados.com.br/empresas/localidade/mg/santana-do-deserto
0,03.753.088/0001-00,"Vagas de emprego para Vendedor c carro em Matias Barbosa, MG. 53 vagas abertas em diferentes empresas. Envie hoje seu curr√≠culo GR√ÅTIS.",,https://www.instagram.com/reel/DM3Wcpxxr3t/,https://br.linkedin.com/jobs/vendedor-de-autom%C3%B3veis-vagas-juiz-de-fora,,"Vagas de Vendedor c carro em Matias Barbosa, MG",True,False,aut√¥nomo Matias Barbosa MG,https://www.catho.com.br/vagas/vendedor-c-carro/matias-barbosa-mg/
0,53.664.715/0001-05,"Oferta de Agro e ind√∫stria em Matias Barbosa, MG. Na OLX voc√™ encontra as melhores ofertas perto de voc√™.",https://www.facebook.com/MatiasBarbosaOficial/?locale=pt_BR,https://www.instagram.com/barbosaagropecuaria/,https://br.linkedin.com/in/rafaelrodrigues3/en,,"Agro e ind√∫stria - Matias Barbosa, Minas Gerais",True,False,ind√∫stria Matias Barbosa MG,https://www.olx.com.br/agro-e-industria/estado-mg/regiao-de-juiz-de-fora/matias-barbosa
0,18.338.293/0001-87,"PORTAL DA TRANSPAR√äNCIA INFORMA√á√ÉO DIRETA PARA A POPULA√á√ÉO Sim√£o Pereira ¬∑ Cadastro ¬∑ √öltimas Not√≠cias ¬∑ IPTU E MAIS: CND, ALVAR√Å E OUTRAS GUIAS ¬∑ Revistas e ...",https://www.facebook.com/prefsimaopereira/?locale=pt_BR,https://www.instagram.com/prefsimaopereira/,,,Prefeitura Municipal de Sim√£o Pereira,True,False,empresa Sim√£o Pereira MG,https://simaopereira.mg.gov.br/
0,34.116.150/0001-87,"Na regi√£o, somam-se 2,9 mil novas empresas, valor que √© superior ao desempenho do ano passado. Destacam-se as cidades de Ub√°, Muria√©, Vi√ßosa, Manhua√ßu e Ponte ...",,,,,Economia de Santana do Deserto - MG,True,False,com√©rcio Santana do Deserto MG,https://www.caravela.info/regional/santana-do-deserto---mg
0,19.291.123/0001-57,"Lista das 10 melhores empresas de consultoria de vendas em Bicas - MG. Receba at√© 4 propostas em 24h. √â gr√°tis, solicite agora! Obtenha os melhores valores.",,,,,As melhores empresas de Consultoria de vendas em Bicas,True,False,prestador de servi√ßo Bicas MG,https://www.ohub.com.br/empresas/consultoria-de-vendas/mg/bicas
0,03.631.764/0001-73,"O endere√ßo de sua sede est√° localizada na Rodovia Br 040, Km 820, Simao Pereira - MG, 36.123-000. Sua atividade principal √© de Fabrica√ß√£o de papel, de acordo ...",https://www.facebook.com/p/Simappel-100071864327089/,https://www.instagram.com/simappel/,,,Simappel - Simao Pereira Industria e Comercio de Papeis ...,True,False,ind√∫stria Sim√£o Pereira MG,https://www.econodata.com.br/consulta-empresa/03631764000173-simappel-simao-pereira-industria-e-comercio-de-papeis-ltda
0,03.753.088/0001-00,"Vagas de emprego em Chacara, MG. 2070 vagas abertas em diferentes empresas. Envie hoje seu curr√≠culo GR√ÅTIS.",,https://www.instagram.com/vagasdejf/,https://br.linkedin.com/jobs/vagas-em-juiz-de-fora,,"Vagas de emprego em Chacara, MG",True,False,empresa Ch√°cara MG,https://www.catho.com.br/vagas/mg/chacara/
0,47.960.950/1088-36,"Loja Centro. Barao Do Rio Branco, 2243. Centro, Juiz De Fora - MG (32) 2101-8500 24 Vendedores dispon√≠veis. Lixo Eletr√¥nico Comprar com vendedor ...",,https://www.instagram.com/heringcentrojf/,,,Loja Centro - Juiz De Fora,True,False,loja Juiz de Fora MG,https://lojas.magazineluiza.com.br/filiais/219/juiz-de-fora
0,32.816.245/0001-88,"Procurando por carros novos, seminovos ou usados em Ch√°cara, MG? A OLX tem milhares ofertas esperando por voc√™. Confira j√°!",,,,,"Carros Usados, seminovos e Novos √† venda - Ch√°cara, MG",True,False,aut√¥nomo Ch√°cara MG,https://www.olx.com.br/autos-e-pecas/carros-vans-e-utilitarios/estado-mg/regiao-de-juiz-de-fora/chacara
0,15.088.380/0001-35,Associa√ß√£o Comercial e Empresarial de Matias Barbosa. Presidente: Wander Gama Fernandes Executivo: Ver√¥nica Moreira. Acessar site.,https://www.facebook.com/p/ACEMB-Associa%C3%A7%C3%A3o-Comercial-e-Empresarial-de-Matias-Barbosa-100079659946301/,https://www.instagram.com/acejuizdefora/,,,Associa√ß√£o Comercial e Empresarial de Matias Barbosa,True,False,com√©rcio Matias Barbosa MG,https://www.federaminas.com.br/entidades/associacao-comercial-e-empresarial-de-matias-barbosa/
0,11.576.129/0001-69,"Pesquise 381 Empresas em Sim√£o Pereira, MG. Quantas empresas existem, an√°lise de mercado e listas de empresas com contatos, telefones, e-mails, endere√ßos, ...",,,https://br.linkedin.com/in/brunafreitasonline,,"Lista de Empresas em Sim√£o Pereira, MG",True,False,empresa Sim√£o Pereira MG,https://www.econodata.com.br/empresas/mg-simao-pereira
0,55.587.601/0001-34,Conhe√ßa nas op√ß√µes abaixo a localiza√ß√£o e diversidade dos principais pontos de com√©rcio de Juiz de fora:,,,,,Com√©rcio/Compras em Juiz de Fora,True,False,com√©rcio Juiz de Fora MG,https://www.jfminas.com.br/portal/compras-em-jf
0,34.116.150/0001-87,"Ao todo, existem 7 modalidades diferentes de com√©rcio na cidade. Com isso, a diversidade do com√©rcio de Sim√£o Pereira √© considerada baixa. Enquanto a ...",https://www.facebook.com/prefsimaopereira/?locale=pt_BR,https://www.instagram.com/prefsimaopereira/,,,Economia de Sim√£o Pereira - MG,True,False,com√©rcio Sim√£o Pereira MG,https://www.caravela.info/regional/sim%C3%A3o-pereira---mg
0,,"O Projeto de Lei n¬∞ 12/2025 autoriza a ades√£o de Sim√£o Pereira ao Cons√≥rcio de Munic√≠pios Mineiros - CONMINAS. De autoria do Executivo, o texto ...",https://www.facebook.com/camaradesimaopereira/,https://www.instagram.com/p/DPO1RNoj3Qy/,,,Mais desenvolvimento: C√¢mara aprova ades√£o de Sim√£o ...,False,False,empresa Sim√£o Pereira MG,https://www.camarasimaopereira.mg.gov.br/noticias/mais-desenvolvimento-camara-aprova-adesao-de-simao-pereira-a-mais-um-consorcio-intermunicipal
0,54.965.236/0001-91,"Venha conferir os produtos da nossa loja!! Rua Santa Tereza, 142 lj. 04. Centro Bicas MG (32) 998594476. Assunto Importante! Apoie o Com√©rcio Local de ...",,https://www.instagram.com/lojapontodasutilidades/,,,Loja Ponto Das Utilidades (@lojapontodasutilidades),True,False,com√©rcio Bicas MG,https://www.instagram.com/lojapontodasutilidades/
0,03.007.331/0001-41,"Ch√°cara ¬∑ Ch√°cara de 2000m ¬≤ a 6,5km da Fern√£o Dias √Ä Venda em Estiva MG ¬∑ Ch√°raca Com 1200m¬≤ √Ä Venda em Cambu√≠ MG ¬∑ Ch√°cara com 15.000m¬≤ √Ä Venda em Cambu√≠ MG.",,https://www.instagram.com/p/DQ7c7b2EQtH/,,,Ch√°cara a venda no Sul de Minas.,True,False,neg√≥cio Ch√°cara MG,https://imobiliariasulminas.com.br/tipo-de-imovel/chacaras-a-venda-no-sul-de-minas/
0,47.430.706/0002-38,Encontre CHACARA MG Personalizado e muito mais Brindes Personalizados. Veja Aqui Diversos Modelos de CHACARA MG Personalizado com os melhores pre√ßos ¬∑ L20 MKT ...,,,,,CHACARA MG - L20 MKT COMERCIO,True,False,com√©rcio Ch√°cara MG,https://www.l20mkt.com.br/brinde-promocional/chacara-mg
0,61.672.480/0001-21,"No ranking das maiores Empresas em Bicas, MG, est√£o: 1. SECRETARIA MUNICIPAL DE EDUCACAO DE BICAS, 2. BICAS PREF GABINETE PREFEITO, 3. ASSCOM.",,,,,"50 Maiores Empresas em Bicas, MG",True,False,empresa Bicas MG,https://www.econodata.com.br/maiores-empresas/mg-bicas
0,53.864.007/0001-18,"Clicando em cada logo voc√™ poder√° visitar o site da empresa. ... Matias Barbosa/MG, Brasil. Realiza√ß√£o. Concep√ß√£o e Comercializa√ß√£o. Suporte e ...",,https://www.instagram.com/p/DPwPBHODT7_/,https://br.linkedin.com/company/guiandotecnologia,,Empresas Instaladas - Park Sul,True,False,empresa Matias Barbosa MG,https://parksul.com.br/empresas-instaladas/
0,05.279.067/0001-20,"Confira as Ofertas da nossa Tradicional Ter√ßa Verde Frutas, Legumes e Verduras com pre√ßo Especial aqui no Supermercado Santa Izabel! .",https://www.facebook.com/santaizabelsupermercado/?locale=pt_BR,https://www.instagram.com/supermercadosantaizabel/?hl=pt-br,,,Supermercado Santa Izabel | Bicas MG,True,False,com√©rcio Bicas MG,https://www.facebook.com/santaizabelsupermercado/
0,17.271.982/0001-59,Utilizamos cookies para ajudar voc√™ a navegar com efici√™ncia e executar certas fun√ß√µes. Voc√™ encontrar√° informa√ß√µes detalhadas sobre todos os cookies sob cada ...,,,,,Sindicato do Com√©rcio de Juiz de Fora,True,False,com√©rcio Juiz de Fora MG,https://fecomerciomg.org.br/sindicato/sindicato-do-comercio-de-juiz-de-fora/
0,02.717.460/0001-60,Empresa Juiz de Fora. Saltar para o conte√∫do. HOME; COMPLIANCE. Manual ‚Äì Programa de Integridade e √âtica ¬∑ Treinamento Compliance ¬∑ Fotos ¬∑ V√≠deo ‚Äì Treinamento.,,https://www.instagram.com/agenterealiza/,https://br.linkedin.com/company/mg-m%C3%ADdia-social,,Empresa Juiz de Fora,True,False,empresa Juiz de Fora MG,https://ejuizdefora.com.br/
0,36.615.460/0001-71,"A Neo Steel, com planta industrial localizada em S√£o Joaquim de Bicas (MG), oferece ao mercado estruturas completas de assentos automotivos, subconjuntos e ...",,https://www.instagram.com/neosteel_oficial/,https://br.linkedin.com/company/neosteel-oficial,,Neo Steel,True,False,empresa Bicas MG,https://neosteel.com.br/
0,15.531.779/0001-49,Encontre CHACARA MG Personalizado e muito mais Brindes Personalizados. Veja Aqui Diversos Modelos de CHACARA MG Personalizado com os melhores pre√ßos ¬∑ Efrata ...,https://www.facebook.com/ChacaraMg/?locale=pt_BR,https://www.instagram.com/prefeitura_de_chacara/,,,CHACARA MG,True,False,loja Ch√°cara MG,https://www.brindesefrata.com.br/loja-de-brindes/chacara-mg
0,21.569.702/0001-60,"Quantas empresas existem em Chacara, MG? A cidade de Chacara hoje conta com 463 empresas ativas. Entre as maiores, destacam-se: 21.569.702/0001-60 - RODO RAC - ...",,,https://www.linkedin.com/company/mg-m%C3%ADdia-social,,Listas de Empresas em Chacara (MG),True,False,empresa Ch√°cara MG,https://www.empresaqui.com.br/listas-de-empresas/MG/CHACARA
0,43.946.732/0001-81,"Encontre as melhores op√ß√µes de Im√≥veis em Sim√£o Pereira - MG, 36123-000 - Sim√£o Pereira Im√≥veis.",,,,,"Im√≥veis em Sim√£o Pereira - MG, 36123-000",True,False,neg√≥cio Sim√£o Pereira MG,https://www.simaopereiraimoveis.com.br/imoveis/simao-pereira-mg-36123-000-brasil
0,,"Com sede em S√£o Jo√£o Nepomuceno e mais de 30 anos de atua√ß√£o no mercado, a empresa se prepara para inaugurar sua nova filial no munic√≠pio, ...",https://www.facebook.com/100064101162760/posts/rede-minas-inaugura-nova-loja-em-matias-barbosa-e-gera-oportunidades-de-empregom/1180148197465208/,https://www.instagram.com/p/DND7ywMRFd6/,,,Rede Minas inaugura nova loja em Matias Barbosa e gera ...,False,False,com√©rcio Matias Barbosa MG,https://www.facebook.com/100064101162760/posts/rede-minas-inaugura-nova-loja-em-matias-barbosa-e-gera-oportunidades-de-empregom/1180148197465208/
0,,"Pesquisar e Consultar sobre Santana do Deserto MG. Acesse o Jusbrasil e tenha acesso a Not√≠cias, Artigos, Jurisprud√™ncia, Legisla√ß√£o, Di√°rios Oficiais e ...",,https://www.instagram.com/santanadodeserto/,https://br.linkedin.com/in/patr%C3%ADcia-gualberto-b659b824,,Santana do Deserto MG,False,False,aut√¥nomo Santana do Deserto MG,https://www.jusbrasil.com.br/busca?q=santana+do+deserto+(mg)
0,38.425.956/0001-08,"Encontre empresas da cidade de Bicas/MG, suas atividades, telefones, endere√ßo, e-mail, s√≥cios, data de abertura...",,,,,"Lista de empresas em Bicas, MG",True,False,empresa Bicas MG,https://cnpj.biz/empresas/bicas-mg
0,00.000.000/0000-00,"Prefeitura de Ch√°cara. Central de Atendimento. Telefone: 0800 032 1014. Endere√ßo: Rua Heitor C√¢ndido de Oliveira, n¬∞ 60 ‚Äì Centro, Ch√°cara ‚Äì MG ‚Äì CEP: 36110-000.",,,,,Perfis | Central de Servi√ßos | Prefeitura de Ch√°cara,True,False,prestador de servi√ßo Ch√°cara MG,https://chacara.1doc.com.br/b.php?pg=o/central_servicos&tab=perfil&filter=01J35PJPB8MBJXJVBE6KV9H1P7
0,,"Loja da Rede Construir ‚Äì Conquista. Mais Lojas. Loja da Rede Construir - Conquista. Rua Tiradentes, 10 Centro, Matias Barbosa - MG. (32) 3273-1214.",https://pt-br.facebook.com/conquista.redeconstruir,https://www.instagram.com/redeconstruir.conquista/,,,Loja da Rede Construir - Conquista,False,False,loja Matias Barbosa MG,https://redeconstruir.com.br/lojas-da-rede/loja-da-rede-construir-matias-barbosa-mg-2/
0,,P√°gina do ISSQN da Secretaria da Fazenda da Prefeitura de Juiz de Fora.,,,https://br.linkedin.com/company/prefeitura-de-juiz-de-fora,,SF | ISSQN | Informa√ß√µes,False,False,aut√¥nomo Juiz de Fora MG,https://www.pjf.mg.gov.br/secretarias/sf/issqn/index.php
0,18.338.137/0001-16,"LEI N¬∫ 659, DE 17 DE MAIO DE 2006. Disp√µe sobre o Estatuto dos Servidores P√∫blicos do Munic√≠pio de Ch√°cara. A C√¢mara Municipal de Ch√°cara aprova e eu, ...",,,,,Estatuto do Servidor P√∫blico de Ch√°cara - MG,True,False,prestador de servi√ßo Ch√°cara MG,https://leismunicipais.com.br/estatuto-do-servidor-publico-chacara-mg
0,,57 Vagas em Matias Barbosa/MG ¬∑ Vaga de Vendedor Externo ¬∑ Vaga de Analista de Suporte T√©cnico ¬∑ Vaga de Analista de Suporte T√©cnico ¬∑ Vaga de Revendedor ¬∑ Vaga de ...,https://www.facebook.com/groups/1972284836244965/,https://www.instagram.com/vagasdejf/,https://br.linkedin.com/jobs/vagas-em-matias-barbosa,,Vagas de Emprego em Matias Barbosa/MG,False,False,aut√¥nomo Matias Barbosa MG,https://www.trabalhabrasil.com.br/vagas-empregos-em-matias-barbosa-mg
0,63.031.762/0001-75,"An√∫ncios - Bicas, Minas Gerais ; Chevrolet Corsa Hat. Premium 1.4 8V Econoflex 5P 2008. 140.000 km. Prata. Hatch ¬∑ R$ 26.900 ; Freelander 2 Se. 115.000 km. Azul.",,,,,"An√∫ncios - Bicas, Minas Gerais",True,False,neg√≥cio Bicas MG,https://www.olx.com.br/estado-mg/regiao-de-juiz-de-fora/bicas
0,34.116.150/0001-87,"O PIB da cidade √© de cerca de R$ 277,6 milh√µes de reais, sendo que 58,7% do valor adicionado adv√©m dos servi√ßos, na sequ√™ncia aparecem as participa√ß√µes da ...",,https://www.instagram.com/prefeituradebicasmg/,https://br.linkedin.com/in/luiz-felipe-dutra-caldeira-85259559,,Economia de Bicas - MG,True,False,com√©rcio Bicas MG,https://www.caravela.info/regional/bicas---mg
0,,"Al√©m da intermedia√ß√£o gratuita, o ‚ÄúACHEI JF‚Äù permite que os prestadores de servi√ßos de Juiz de Fora ampliem sua carteira de clientes e tenham ...",,,,,PJF lan√ßa ferramenta inovadora para conectar prestadores ...,False,False,prestador de servi√ßo Juiz de Fora MG,https://www.pjf.mg.gov.br/noticias/view.php?modo=link2&idnoticia2=82521
0,18.338.293/0001-87,"A empresa SIMAPPEL Sim√£o Pereira Ind√∫stria e Com√©rcio de Pap√©is Ltda., √© respons√°vel pela fabrica√ß√£o especificamente de papel ondulado para embalagem.",https://www.facebook.com/prefsimaopereira/,https://www.instagram.com/prefsimaopereira/,,,PMGIRS Sim√£o Pereira - MG,True,False,empresa Sim√£o Pereira MG,https://www.ceivap.org.br/saneamento/pmgirs-mineiros/pmgirs-simao-pereira.pdf
0,,"Art. 1¬∫ Esta lei institui o regime jur√≠dico dos funcion√°rios p√∫blicos do Munic√≠pio de Santana do Riacho, Estado de Minas Gerais, sendo este de natureza ...",,,,,Estatuto do Servidor P√∫blico de Santana do Riacho - MG,False,False,aut√¥nomo Santana do Deserto MG,https://leismunicipais.com.br/estatuto-do-servidor-publico-santana-do-riacho-mg
0,,As melhores vagas de emprego em Ch√°cara / MG est√£o aqui no BNE. S√£o 1.665.340 vagas esperando por candidatos. Cadastre seu curr√≠culo gr√°tis.,,https://www.instagram.com/vagasdejf/,https://br.linkedin.com/jobs/vagas-em-juiz-de-fora,,102 Vagas de Emprego em Ch√°cara/Mg,False,False,empresa Ch√°cara MG,https://www.bne.com.br/vagas-de-emprego-em-chacara-mg
0,21.569.702/0001-60,"CARTORIO DE CHACARA, ASSOCIACAO MAE DA DIVINA PROVIDENCIA - AMADIP e CHACARA GABINETE PREFEITO s√£o as principais empresas em Ch√°cara, MG. Consulte o ranking ...",,https://www.instagram.com/bessaefilho/,https://br.linkedin.com/in/michelly-castro-69aa41143,,"Lista de Empresas em Ch√°cara, MG",True,False,empresa Ch√°cara MG,https://www.econodata.com.br/empresas/mg-chacara
0,,A Associa√ß√£o Comercial Empresarial de Bicas (ASSCOM/ACE) foi fundada em 13 de novembro de 2000 com o objetivo de representar os segmentos produtivos de Bicas e ...,,,,,ACE Asscom ‚Äì Associa√ß√£o Comercial de Bicas,False,False,com√©rcio Bicas MG,https://asscombicas.com.br/
0,,"Sindicato dos Trabalhadores em Empresas de Presta√ß√£o de Servi√ßos em Recursos Humanos, de trabalho Tempor√°rio, de m√£o de obra especializada e n√£o ...",https://www.facebook.com/sinteacjuizdefora/?locale=pt_BR,https://www.instagram.com/sinteacjf_e_regiao/,,,Sindicato dos Trabalhadores em Empresas de Presta√ß√£o de ...,False,False,prestador de servi√ßo Juiz de Fora MG,https://www.sinteacjf.com.br/
0,,"Vagas de emprego em Santana do Deserto, MG. 2320 vagas abertas em diferentes empresas. Envie hoje seu curr√≠culo GR√ÅTIS.",,https://www.instagram.com/vagas019/,https://br.linkedin.com/jobs/vagas-em-santana-do-deserto,,"Vagas de emprego em Santana do Deserto, MG",False,False,prestador de servi√ßo Santana do Deserto MG,https://www.catho.com.br/vagas/mg/santana-do-deserto/
0,18.338.194/0001-03,Sala Mineira do Empreendedor de Matias Barbosa-MG. Aqui tem SEBRAE!!! atende W. Business (32) 3273-5701 e-mail: salamineira@matiasbarbosa.mg.leg.br ...,,https://www.instagram.com/salamineiramatiasbarbosa/,https://br.linkedin.com/in/sala-do-empreendedor-juiz-de-fora-75468732a,,Sala Mineira do Empreendedor de Matias Barbosa-MG. ...,True,False,aut√¥nomo Matias Barbosa MG,https://www.instagram.com/salamineiramatiasbarbosa/
0,,Sim√£o Pereira √© um munic√≠pio brasileiro do estado de Minas Gerais. Sua popula√ß√£o recenseada em 2022 era de 2 947 habitantes.,,,,,"Sim√£o Pereira ‚Äì Wikip√©dia, a enciclop√©dia livre",False,False,empresa Sim√£o Pereira MG,https://pt.wikipedia.org/wiki/Sim%C3%A3o_Pereira
0,,As melhores vagas de emprego em Bicas / MG est√£o aqui no BNE. S√£o 1.658.614 vagas esperando por candidatos. Cadastre seu curr√≠culo gr√°tis.,,,,,14 Vagas de Emprego em Bicas/Mg,False,False,prestador de servi√ßo Bicas MG,https://www.bne.com.br/vagas-de-emprego-em-bicas-mg
0,16.733.741/0001-11,"No Park Sul, voc√™ est√° conectado √† BR-040, perto de Juiz de Fora, Matias Barbosa e com mobilidade real para toda a Zona da Mata e o Rio. Enquanto o tr√¢nsito ...",,,,,Empresarial Park Sul (@parksulempresarial),True,False,empresa Matias Barbosa MG,https://www.instagram.com/parksulempresarial/
0,04.348.533/0001-10,"Confira as melhores op√ß√µes em ""Mercados"" em Santana do Deserto, MG ¬∑ Mercado Santana Ltda ¬∑ Mercearia Do Gonzaga ¬∑ Mini Mercado Santana ¬∑ Lacel Frios E Cereais ...",,https://www.instagram.com/mercadodakarina/,,,"Mercados em Santana do Deserto, MG",True,False,com√©rcio Santana do Deserto MG,https://www.solutudo.com.br/empresas/mg/santana-deserto/mercados?pagina=1
0,42.904.044/0001-96,9 Lojas para alugar Matias Barbosa - MG ¬∑ Santa Clara - Matias Barbosa - MG ¬∑ Centro - Matias Barbosa - MG ¬∑ Centro - Matias Barbosa - MG ¬∑ Centro - Matias ...,https://www.facebook.com/lealimoveismatias/,https://www.instagram.com/reel/DCun1OXMEzc/,,,Lojas para alugar Matias Barbosa - MG,True,False,loja Matias Barbosa MG,https://portal.kenlo.com.br/imoveis/para-alugar/loja/matias-barbosa
0,18.338.277/0001-94,"Endere√ßo. Prefeitura Municipal de Santana do Deserto. Correspond√™ncia endere√ßada √† : Pra√ßa Mauro Roquete Pinto, 01 ‚Äì Centro Santana do Deserto ‚Äì MG ‚Äì 36620-000.",,,https://br.linkedin.com/in/patr%C3%ADcia-gualberto-b659b824,,Servi√ßos ‚Äì Prefeitura de Santana do Deserto,True,False,prestador de servi√ßo Santana do Deserto MG,https://santanadodeserto.mg.gov.br/servicos/
0,,Vagas gratuitas ; Representante Comercial Aut√¥nomo ; Ramo da Empresa. Agro-ind√∫stria/ Pecu√°ria/ Pesca ; √Årea. Comercial e Vendas ; N√≠vel hier√°rquico. Administrativo ...,,,,,"Vagas de Representante Comercial em Ch√°cara, MG",False,False,aut√¥nomo Ch√°cara MG,https://www.empregos.com.br/vagas/representante-comercial-em-chacara-mg
0,,"Somos uma empresa de seguran√ßa com 35 anos de experi√™ncia. Servi√ßos de seguran√ßa armada, desarmada, eletr√¥nica, escolta, pessoal e consultoria.",https://www.facebook.com/juizdeforaseg/,https://www.instagram.com/juizdefora_seguranca/,https://br.linkedin.com/company/jf-seguranca,,"Juiz de Fora - Somos confian√ßa, Produtividade e Seguran√ßa",False,False,empresa Juiz de Fora MG,https://juizdeforaseg.com.br/
0,03.631.764/0001-73,"SIMAPPEL - SIM√ÉO PEREIRA IND√öSTRIA E COM√âRCIO DE PAP√âIS LTDA. CNPJ/CPF, 03.631.764/0001-73. Classe, classe 2. Regional, URA Zona da Mata. Ano ...",,,,,SIMAPPEL - SIM√ÉO PEREIRA IND√öSTRIA E COM√âRCIO ...,True,False,ind√∫stria Sim√£o Pereira MG,http://sistemas.meioambiente.mg.gov.br/licenciamento/site/view-externo?id=38273
0,21.569.702/0001-60,"AGROLINK - O Portal do conte√∫do Agropecu√°rio. Confira: Noticias atualizadas, Previs√£o do tempo, cota√ß√µes, sistemas especialistas de produtos agro, Colunistas, ...",,https://www.instagram.com/bessaefilho/,https://br.linkedin.com/in/michelly-castro-69aa41143,,Ch√°cara - MG - Empresas,True,False,empresa Ch√°cara MG,https://www.agrolink.com.br/regional/mg/chacara/empresa/lista/
0,00.000.000/0000-00,N√£o h√° nenhuma informa√ß√£o dispon√≠vel para esta p√°gina.,https://www.facebook.com/JuizdeForaPJF/videos/o-prefeitura-%C3%A1gil-plataforma-da-pjf-que-garante-mais-rapidez-na-presta%C3%A7%C3%A3o-de-ser/6316368778435063/,https://www.instagram.com/prefeiturajuizdefora/,https://www.linkedin.com/company/prefeitura-municipal-de-juiz-de-fora,,Prefeitura √Ågil - Juiz de Fora,True,False,aut√¥nomo Juiz de Fora MG,https://juizdefora.1doc.com.br/b.php?pg=wp/wp&itd=5
0,77.968.170/0001-99,"Desde a funda√ß√£o em 2007, a Terra Minas tem sua sede na cidade de Matias Barbosa-MG. A empresa foi criada para atuar no mercado de transporte e de loca√ß√£o ...",,,,,Institucional,True,False,empresa Matias Barbosa MG,https://terraminas.com/institucional/
0,,"10 Chacaras √† venda encontrados ; R$ 320.000,00 ¬∑ 4. quartos. 2. banheiros. Divisa - Patroc√≠nio/MG ; R$ 550.000,00 ¬∑ 8. quartos. 3. banheiros. Santo Antonio - ...",,https://www.instagram.com/reel/DQuVK7ij_Ca/,,,"Comprar Chacara, MG - p√°gina 1",False,False,neg√≥cio Ch√°cara MG,http://dednegocios.com.br/comprar/mg/serra-do-salitre/serra-do-salitre/chacara
0,,Contrata√ß√£o de empresa especializada em servi√ßos de manuten√ß√£o preventiva e corretiva de equipamentos da Secretaria Municipal de Sa√∫de de Ch√°cara/MG. 25/09 ...,,https://www.instagram.com/reel/DPhnFusEteh/,https://br.linkedin.com/in/denise-machado-adm,,Processos Licitat√≥rios,False,False,empresa Ch√°cara MG,https://www.chacara.mg.gov.br/licitacoes
0,,"Vagas de emprego para Autonomos em Juiz de Fora, MG. 71 vagas abertas em diferentes empresas. Envie hoje seu curr√≠culo GR√ÅTIS.",,,,,"Vagas de Autonomos em Juiz de Fora, MG",False,False,aut√¥nomo Juiz de Fora MG,https://www.catho.com.br/vagas/autonomos/juiz-de-fora-mg/
0,99.999.999/9999-99,"Desde 1997 no mercado, somos uma empresa especialista em portarias, limpeza, conserva√ß√£o e terceiriza√ß√£o de servi√ßos em geral. Com presta√ß√£o de servi√ßo ...",,,,,Village Administra√ß√£o e servi√ßos EIRELI - Juiz de Fora,True,False,prestador de servi√ßo Juiz de Fora MG,https://www.jfempregos.com.br/empresa/village-administracao-e-servicos-eireli
0,11.576.129/0001-69,"An√∫ncios - Sim√£o Pereira, Minas Gerais ; Bicicleta montanbike aro 29 ¬∑ R$ 4.200 ; Linda granja com 3 su√≠tes a venda no Condom√≠nio Miragem em Sim√£o Pereira. 180m¬≤ ...",https://www.facebook.com/prefsimaopereira/?locale=pt_BR,https://www.instagram.com/prefsimaopereira/,,,"An√∫ncios - Sim√£o Pereira, Minas Gerais",True,False,neg√≥cio Sim√£o Pereira MG,https://www.olx.com.br/estado-mg/regiao-de-juiz-de-fora/simao-pereira
0,22.192.546/0001-24,"Pesquise 2.074 Empresas em Matias Barbosa, MG. Quantas empresas existem, an√°lise de mercado e listas de empresas com contatos, telefones, e-mails, ...",,,,,"Lista de Empresas em Matias Barbosa, MG",True,False,empresa Matias Barbosa MG,https://www.econodata.com.br/empresas/mg-matias-barbosa
0,03.635.322/0002-86,"Oferta de Com√©rcio em Minas Gerais, Juiz de Fora e regi√£o. Na OLX voc√™ encontra as melhores ofertas perto de voc√™.",,,,,"Com√©rcio em Juiz de Fora e regi√£o, MG",True,False,com√©rcio Juiz de Fora MG,https://www.olx.com.br/comercio-e-escritorio/estado-mg/regiao-de-juiz-de-fora
0,45.249.987/0001-10,Basiquinha linda de viver na loja! Trabalhamos com todos os tamanhos do P ao Plus Size Atendimento pelo Whats (32)99854-4321 ¬∑ May be an image of 1 ...,,https://www.instagram.com/exclusivareaa/,,,Exclusiva | Ch√°cara MG,True,False,loja Ch√°cara MG,https://www.facebook.com/exclusivarea/
0,18.338.194/0001-03,"O Povo do Munic√≠pio de Matias Barbosa, por seus representantes, decreta e eu sanciono a seguinte Lei: ‚†Ä. Art. 1¬∫ Fica autorizado o Poder Executivo Municipal ...",https://www.facebook.com/prefmb/,https://www.instagram.com/prefmb/,https://www.linkedin.com/company/prefmb,,prefeitura municipal de matias barbosa,True,False,aut√¥nomo Matias Barbosa MG,https://sapl.matiasbarbosa.mg.leg.br/media/sapl/public/normajuridica/2017/1033/lei_1367_-_autoriza_o_poder_executivo_a_contratar_prestacao_de_servicos_autonomo_na_area_de_saude..pdf
0,20.436.333/0001-75,"O Sindicato do Com√©rcio de Juiz de Fora representa segmentos do Varejo, Atacado e Servi√ßos da cidade. S√£o mais de 11.000 empresas representadas.",,,,,Sindicom√©rcio-JF | Juiz de Fora MG,True,False,com√©rcio Juiz de Fora MG,https://www.facebook.com/sindicomerciojf/?locale=pt_BR
0,43.946.732/0001-81,"No Imovelweb voc√™ encontra 15 Im√≥veis √† venda em Sim√£o Pereira, MG. Explore as melhores ofertas agora de venda de im√≥veis em Sim√£o Pereira, MG.",,,,,"15 Im√≥veis √† venda em Sim√£o Pereira, MG",True,False,neg√≥cio Sim√£o Pereira MG,https://www.imovelweb.com.br/imoveis-venda-simao-pereira-mg.html
0,,Magnifico Sitio com 14 Alqueires S√£o Jos√© Do Alegre MG <br> S√£o Jos√© Do Alegre M/G ¬∑ 338800m¬≤. R$ 2.500.000 ; Otima ch√°cara com 12.000m¬≤ nas Terras Altas da ...,,https://www.instagram.com/richard_sitios_fazendas_vendas/,,,S√≠tios e ch√°caras - Minas Gerais,False,False,neg√≥cio Ch√°cara MG,https://www.olx.com.br/imoveis/terrenos/sitios-e-chacaras/estado-mg
0,61.189.288/0367-01,"Juiz de Fora (MG) ¬∑ (32) 3239 4000 ¬∑ Av Ant√¥nio Sim√£o Firjam, 1205- Distrito Industrial Juiz de Fora MG ¬∑ Site. M√°quinas Junqueira. (32) ...",,,,,Juiz de Fora - MG - Empresas,True,False,empresa Juiz de Fora MG,https://www.agrolink.com.br/regional/mg/juiz-de-fora/empresa/lista
0,04.150.459/0001-22,Localiza√ß√£o e contato da empresa ¬∑ Logradouro. RUA DUARTE DE ABREU 162 ¬∑ Bairro. Centro ¬∑ CEP. 36123-000 ¬∑ Munic√≠pio. Simao Pereira ¬∑ UF. MG ¬∑ Telefone. **********.,,,,,SUPERMERCADO SIMAO PEREIRA LTDA,True,False,com√©rcio Sim√£o Pereira MG,https://empresas.serasaexperian.com.br/consulta-gratis/SUPERMERCADO-SIMAO-PEREIRA-LTDA-04150459000122
0,18.759.928/0001-10,"REDE SANTO ANTONIO SUPERMERCADOS LTDA / CNPJ: 18.759.928/0001-10 / IE: 069.071.341-0000 / PCA DOUTOR VICENTE BIANCO 62, BICAS - MG 36600000. Em caso de ...",,,,,Santo Antonio em Casa,True,False,com√©rcio Bicas MG,https://www.santoantonioemcasa.com.br/
0,61.672.480/0001-21,"Pesquise 1.738 Empresas em Bicas, MG. Quantas empresas existem, an√°lise de mercado e listas de empresas com contatos, telefones, e-mails, endere√ßos, ...",,,,,"Lista de Empresas em Bicas, MG",True,False,empresa Bicas MG,https://www.econodata.com.br/empresas/mg-bicas
0,18.338.277/0001-94,A Prefeitura de Santana do Deserto comunica que est√° aberto processo para contrata√ß√£o tempor√°ria de Motorista para substitui√ß√£o de servidores efetivos afastados ...,https://www.facebook.com/PrefSantanaDoDeserto/?locale=pt_BR,https://www.instagram.com/p/DG8Itbnupyb/,,,Site oficial da Prefeitura de Santana do Deserto/MG.,True,False,prestador de servi√ßo Santana do Deserto MG,https://santanadodeserto.mg.gov.br/
0,37.851.341/0001-80,"Em Ch√°cara h√° 261 microempreendedores individuais registrados, e as cinco principais atividades de atua√ß√£o desses microempreendedores, s√£o: Produ√ß√£o musical - ...",,,,,"MEI (Microempreendedor Individual) em Ch√°cara, MG",True,False,aut√¥nomo Ch√°cara MG,https://www.maismei.com.br/mei-microempreendedor-individual-chacara-mg
0,21.569.702/0001-60,"Encontre empresas da cidade de Ch√°cara/MG, suas atividades, telefones, endere√ßo, e-mail, s√≥cios, data de abertura...",,https://www.instagram.com/bessaefilho/,,,"Lista de empresas em Ch√°cara, MG",True,False,empresa Ch√°cara MG,https://cnpj.biz/empresas/chacara-mg?id=47730059
0,,Na Leal Solu√ß√µes Imobili√°rias voc√™ encontra lojas √† venda em Centro - Matias Barbosa. Confira mais im√≥veis √† venda ou para alugar em Matias Barbosa.,https://www.facebook.com/lealimoveisimob/,https://www.instagram.com/lealimoveismatias/,,,"Lojas √† venda Centro, Matias Barbosa - MG - Leal Im√≥veis",False,False,loja Matias Barbosa MG,https://www.lealimoveismb.com.br/imoveis/a-venda/loja/matias-barbosa/centro
0,36.519.384/0001-09,"Servi√ßos De Suporte De TI Santana do Deserto MG, Servi√ßos De TI Para Empresas Santana do Deserto MG, Servi√ßos de Suporte de TI Empresarial, Suporte T√©cnico ...",,,,,Servi√ßos De Suporte De TI Santana do Deserto MG,True,False,prestador de servi√ßo Santana do Deserto MG,https://action.app.br/servicos-de-suporte-de-ti/santana-do-deserto-mg
0,62.460.089/0001-26,"Somos especializados em m√≥veis residenciais, seja para sala, quarto, cozinha, banheiro ou escrit√≥rio. Procurando uma Loja de m√≥veis em Chacaras Tubalina E ...",,https://www.instagram.com/p/CMch_wBH_TD/?hl=ms,,,Loja De Moveis Em Chacaras Tubalina E Quartel ... - Filh√£o,True,False,loja Ch√°cara MG,https://www.filhao.com.br/loja-de-moveis-em-chacaras-tubalina-e-quartel-uberlandia-mg/?srsltid=AfmBOopMbx_SLvEh430zX4FCykK8gaZTaxNbk9q-x_Dvgyr56rp81gPY
0,20.296.273/0001-32,"Pesquise 3 Empresas de Servicos Legais em Bicas, MG. Quantas empresas existem, an√°lise de mercado e listas de empresas com contatos, telefones, e-mails, ...",,,,,"Lista de Empresas de Servicos Legais em Bicas, MG",True,False,prestador de servi√ßo Bicas MG,https://www.econodata.com.br/empresas/mg-bicas/servicos-legais
0,38.425.956/0001-08,"No ranking das maiores Empresas de Com√©rcio Varejista em Bicas, MG, est√£o: 1. LUME GAS LTDA, 2. ART'BICAS, 3. SANTO ANTONIO SUPERMERCADOS.",,,,,"50 Maiores Empresas de Com√©rcio Varejista em Bicas, MG",True,False,com√©rcio Bicas MG,https://www.econodata.com.br/maiores-empresas/mg-bicas/comercio-varejista
0,,"4 Pontos comerciais no Centro em Matias Barbosa ¬∑ Loja √† venda, 20 m¬≤ por r$ 500.000,00 - centro - matias barbosa/mg ¬∑ Loja √† venda, 90 m¬≤ por r$ 650.000,00 - ...",,https://www.instagram.com/p/DK2cfTfTk7r/,,,4 Pontos comerciais no Centro em Matias Barbosa,False,False,com√©rcio Matias Barbosa MG,https://www.chavesnamao.com.br/ponto-comercial/mg-matias-barbosa/centro/
0,15.564.616/0001-62,"Est√° procurando por flores, cestas e presentes na cidade de Santana do Deserto - MG? Oferecemos entrega r√°pida para todo a cidade. Confira!",,https://www.instagram.com/atelieda_madu/,,,"Flores, Cestas e Presentes em Santana do Deserto - MG",True,False,com√©rcio Santana do Deserto MG,https://www.novaflor.com.br/entregas/minas-gerais/santana-do-deserto/d3356/?srsltid=AfmBOop8gf40iqmKuU7xA_wj9C5psCfk4kHxkbJtQrbYAB-5Jf25Bi7J
0,18.338.194/0001-03,Fabricas em MATIAS BARBOSA MG - Encontre Fabricas de Diversos produtos em MATIAS BARBOSA MG ; Ind√∫stria e Com√©rcio de Cal√ßados Marciano ¬∑ Telefone: (32) 3273-23..,,https://www.instagram.com/inusaengenharia/,https://br.linkedin.com/company/uemmineracao,,Fabricas em MATIAS BARBOSA MG,True,False,ind√∫stria Matias Barbosa MG,https://matiasbarbosa.mylinq.com.br/Fabricas-em-matias-barbosa-myc-7461.htm
0,,"6 Pontos Comerciais √† venda em Ch√°cara, Betim - MG ¬∑ Ponto comercial/Loja/Box para comprar com 53 m¬≤, 50 vagas em Ch√°cara, Betim ¬∑ Im√≥vel para comprar com 70 m¬≤, ...",,,,,"6 Pontos Comerciais √† venda em Ch√°cara, Betim - MG",False,False,loja Ch√°cara MG,https://www.vivareal.com.br/venda/minas-gerais/betim/bairros/chacara/ponto-comercial_comercial/
0,47.430.706/0001-57,Encontre BICAS MG Personalizado e muito mais Brindes Personalizados. Veja Aqui Diversos Modelos de BICAS MG Personalizado com os melhores pre√ßos ¬∑ L20 MKT ...,,,,,BICAS MG - L20 MKT COMERCIO,True,False,com√©rcio Bicas MG,https://l20mkt.com.br/loja-de-brindes/bicas-mg
0,,"Vagas: Prestador De Servi√ßos - Juiz de Fora, MG ¬∑ Prestador de servi√ßos - Correspondente Banc√°rio - Juiz de Fora ¬∑ Operador de Portaria Remota 12 x 36.",,,,,"Vagas: Prestador De Servi√ßos - Juiz de Fora, MG",False,False,prestador de servi√ßo Juiz de Fora MG,https://br.indeed.com/m/jobs?q=Prestador+De+Servi%C3%A7os&l=Juiz+de+Fora%2C+MG
0,08.266.798/0001-20,"Croce & Ramos Servi√ßos Cont√°beis. Centro, Bicas - MG. Rua da Ana 28, Centro Bicas - MG - CEP: (32) 327... Ver telefone ...",,,,,"Croce & Ramos Servi√ßos Cont√°beis: Bicas, MG",True,False,prestador de servi√ßo Bicas MG,http://www.nibo.com.br/achar-contadores/mg/bicas/centro/croce-ramos-servicos-contabeis/66cc9aea-ad05-46d3-9dd6-3e843af497a1/
0,11.794.932/0001-70,"Oferta de Com√©rcio em Sim√£o Pereira, MG. Na OLX voc√™ encontra as melhores ofertas perto de voc√™.",,https://www.instagram.com/prefsimaopereira/,https://br.linkedin.com/in/rafaelfvtavares,,"Com√©rcio - Sim√£o Pereira, Minas Gerais",True,False,com√©rcio Sim√£o Pereira MG,https://www.olx.com.br/comercio-e-escritorio/estado-mg/regiao-de-juiz-de-fora/simao-pereira
0,28.482.864/0001-06,"LOJAS COMERCIAS PARA LOCA√á√ÉO EM BICAS/MG. EXCELENTE LOCALIZA√á√ÉO, PR√ìXIMA A TODO TIPO DE COM√âRCIO, TODA DE PISO E BLINDEX, BANHEIRO, √ìTIMA PARA ...",,,,,LOJAS COMERCIAS PARA LOCA√á√ÉO EM BICAS/MG. ...,True,False,neg√≥cio Bicas MG,https://www.instagram.com/reel/DBrZdRHSUg1/
0,,"Torna-se p√∫blico que a Prefeitura Municipal de Santana do Deserto/MG sediada na. Pra√ßa Mauro Roquete Pinto, n¬∫ 01, centro, por meio do Senhor Ricardo Viana ...",https://www.facebook.com/PrefSantanaDoDeserto/?locale=pt_BR,https://www.instagram.com/santanadodeserto/,https://br.linkedin.com/company/prefeitura-de-juiz-de-fora,,PREFEITURA MUNICIPAL DE SANTANA DO DESERTO,False,False,aut√¥nomo Santana do Deserto MG,https://pncp.gov.br/pncp-api/v1/orgaos/18338277000194/compras/2025/69/arquivos/1
0,,"Est√° aberta a vaga para T√©cnico de Seguran√ßa do Trabalho na DOX em S√£o Joaquim de Bicas, MG! Voc√™ √© um profissional com olhar atento aos ...",,,,,üö® Oportunidade aberta em S√£o Joaquim de Bicas (MG)! üö® ...,False,False,prestador de servi√ßo Bicas MG,https://www.instagram.com/p/DNQZEUHMlqN/
0,18.338.194/0002-86,... Aut√¥nomos (RPA) ¬∑ Contracheque On-Line ¬∑ Cart√£o de Ponto ¬∑ Atividades Escolares ¬∑ EMPREGOS E OPORTUNIDADES ¬∑ Downloads Diversos. Departamentos. Gabinete do ...,https://www.facebook.com/prefmb/,https://www.instagram.com/prefmb/,https://www.linkedin.com/company/prefmb,,Prefeitura Municipal de Matias Barbosa - Principal,True,False,aut√¥nomo Matias Barbosa MG,https://www.matiasbarbosa.mg.gov.br/logoff
0,75.771.477/0001-70,"Sua economia √© de base agropecu√°ria, no seu in√≠cio plantava-se muito caf√©, feij√£o, milho e cana de a√ß√∫car, produtos que eram escoados pela ferrovia. A pecu√°ria ...",,,,,Hist√≥ria da Cidade,True,False,ind√∫stria Santana do Deserto MG,https://santanadodeserto.mg.gov.br/cidade/historia/
0,56.239.003/0001-37,"Atividades - CNAES ¬∑ 47.12-1-00 - Com√©rcio varejista de mercadorias em geral, com predomin√¢ncia de produtos aliment√≠cios - minimercados, mercearias e armaz√©ns ...",,https://www.instagram.com/mercadosantana18/?hl=en,,,Mercado Sant' Ana LTDA - 56239003000137 Santana do ...,True,False,com√©rcio Santana do Deserto MG,https://cnpj.biz/56239003000137
0,18.779.340/0001-28,"Empresas na cidade de S√£o Joaquim de Bicas, na Regi√£o de Belo Horizonte - MG voc√™ vai encontrar aquela com a melhor oportunidade de trabalho para voc√™.",,,,,"Nessas 8 empresas em S√£o Joaquim de Bicas, Regi√£o de ...",True,False,empresa Bicas MG,https://www.empregos.com.br/empresas/sao-joaquim-de-bicas/mg/
0,31.268.499/0001-46,"Telefone: 32 3273-1561. Endere√ßo: AV- Cardoso Saraiva 690 , Centro Matias Barbosa, Minas Gerais, Brasil. Shorts Adulto Masculino e feminino!",,https://www.instagram.com/santana.m.store/,,,"Santana Matias (@santana.m.store) ¬∑ Matias Barbosa, MG",True,False,loja Matias Barbosa MG,https://www.instagram.com/santana.m.store/
0,,Ind√∫stria e Constru√ß√£o ¬∑ Com√©rcio ¬∑ Servi√ßos ¬∑ Pre√ßos e custos ¬∑ Setor informal ¬∑ Contas nacionais ¬∑ Finan√ßas p√∫blicas ¬∑ Outras estat√≠sticas econ√¥micas.,,,,,Santana do Deserto (MG) | Cidades e Estados,False,False,ind√∫stria Santana do Deserto MG,https://www.ibge.gov.br/cidades-e-estados/mg/santana-do-deserto.html
0,,"J√° os prestadores de servi√ßos - empreendedores individuais, aut√¥nomos, coletivos e artes√£os - podem divulgar o seu trabalho, gratuitamente, e ...",https://www.facebook.com/jfmargarida/videos/achei-jf/915872546657199/,https://www.instagram.com/reel/DCKcszkxSJJ/,,,O Achei JF √© uma plataforma gratuita da Prefeitura de Juiz ...,False,False,prestador de servi√ßo Juiz de Fora MG,https://www.instagram.com/reel/DCKcszkxSJJ/
0,,C√≥digo Tribut√°rio de Ch√°cara MG - Consolida a Legisla√ß√£o Tribut√°ria do Munic√≠pio de Ch√°cara e da outras provid√™ncias.,,https://www.instagram.com/prefeitura_de_chacara/,,,C√≥digo Tribut√°rio de Ch√°cara - MG,False,False,aut√¥nomo Ch√°cara MG,https://leismunicipais.com.br/codigo-tributario-chacara-mg
0,,"Bons pre√ßos, variedade e conforto! ‚è∞ Seg-s√°b 07h √†s 19h | dom-feriado 07h √† 12h Fazemos entrega em domic√≠lio ‚¨áÔ∏è. Photo by Supermercado Tremb√£o on June ...",,https://www.instagram.com/supermercadotrembao/,,,Supermercado Tremb√£o (@supermercadotrembao),False,False,com√©rcio Sim√£o Pereira MG,https://www.instagram.com/supermercadotrembao/
0,39.524.875/0001-28,"Somos especializados em m√≥veis residenciais, seja para sala, quarto, cozinha, banheiro ou escrit√≥rio. Procurando uma Loja de m√≥veis em Matias Barbosa? A Filhao.",,,,,Loja De Moveis Em Matias Barbosa c/ Entrega R√°pida,True,False,loja Matias Barbosa MG,https://www.filhao.com.br/loja-de-moveis-em-matias-barbosa/?srsltid=AfmBOootySF4hEyjX8NCTCb3xxjerqGWVnGfiXZ9Ji4zLLqnueog_4dq
0,99.999.999/9999-99,O maior portal de Vagas de Emprego em Juiz de Fora e Zona da Mata! Encontre aqui no JFEmpregos as melhores vagas de emprego da regi√£o. S√£o centenas de vagas ...,https://www.facebook.com/groups/549022605198269/?locale=pt_BR,https://www.instagram.com/jfempregos/,https://br.linkedin.com/jobs/vagas-em-juiz-de-fora,,JF Empregos - Vagas de Emprego em Juiz de Fora,True,False,empresa Juiz de Fora MG,https://jfempregos.com.br/
0,00.000.000/3417-70,"Posi√ß√£o, CNPJ, Raz√£o Social, Capital Social (R$). 1¬∞, 00.000.000/3417-70 ¬∑ BANCO DO BRASIL SA, 120.000.000.000. 2¬∞, 17.281.106/0607-85 ¬∑ COMPANHIA DE ...",,,https://br.linkedin.com/in/matheus-silveira-pp,,Estat√≠sticas de Empresas do Munic√≠pio: CHACARA,True,False,empresa Ch√°cara MG,https://casadosdados.com.br/empresas/localidade/mg/chacara
0,71.414.189/0001-07,1. O Galetao Ltda ¬∑ 2. Granja Paes E Filhos Ltda ¬∑ 3. Bar E Mercearia Pitangueira ¬∑ 4. Mercearia A&R ¬∑ 5. Rm Mercado Ltda ¬∑ 6. Padaria E Mercearia Du ...,https://www.facebook.com/p/Uemar-Supermercados-100063630695835/,,https://br.linkedin.com/in/carolina-cerqueira-616264295,,"Matias Barbosa, MG ¬ª Mercados ¬ª 10 op√ß√µes em ...",True,False,com√©rcio Matias Barbosa MG,https://www.solutudo.com.br/empresas/mg/matias-barbosa/mercados/listas/10-mercados-que-voce-deveria-conhecer-em-matias-barbosa-mg
0,22.192.546/0001-24,"Oferta de Com√©rcio em Matias Barbosa, MG. Na OLX voc√™ encontra as melhores ofertas perto de voc√™.",https://www.facebook.com/groups/486444851446179/,https://www.instagram.com/miudagraos/,https://br.linkedin.com/in/carolina-cerqueira-616264295,,"Com√©rcio - Matias Barbosa, Minas Gerais",True,False,com√©rcio Matias Barbosa MG,https://www.olx.com.br/comercio-e-escritorio/estado-mg/regiao-de-juiz-de-fora/matias-barbosa
0,13.304.478/0001-57,"A Juiz de Fora √© uma empresa l√≠der em solu√ß√µes de seguran√ßa. Valorizamos a √©tica, a integridade e a responsabilidade em nosso ambiente de trabalho.",,,,,Trabalhe Conosco - Juiz de Fora,True,False,empresa Juiz de Fora MG,https://juizdeforaseg.com.br/trabalhe-conosco
0,,"Marechal Shopping 450, lj 41 - Galeria Branca ‚Ä¢ Sta Cruz Shopping, lj 1310 - Setor Azul Enviamos P/ TODO BRASIL pelo site : www.daliandm.com.br ...",https://www.facebook.com/dalianmodas/?locale=pt_BR,https://www.instagram.com/dalianmodas/,,,D·¥Ä ü…™·¥Ä…¥ M·¥è·¥Ö·¥Äs JF (@dalianmodas) - Juiz de Fora,False,False,loja Juiz de Fora MG,https://www.instagram.com/dalianmodas/
0,21.573.522/0001-52,O Sindicom√©rcio-JF abra√ßa a ideia de que √© necess√°rio a continuidade do fortalecimento ao associativismo. Uma ferramenta capaz de impulsionar o maior sindicato ...,,,,,Sindicom√©rcio Juiz de Fora,True,False,com√©rcio Juiz de Fora MG,https://sindicatodocomercio.org.br/
0,21.569.702/0001-60,"Oferta de Com√©rcio em Ch√°cara, MG. Na OLX voc√™ encontra as melhores ofertas perto de voc√™.",,https://www.instagram.com/bessaefilho/,https://br.linkedin.com/in/o-gui-batista,,"Com√©rcio - Ch√°cara, Minas Gerais",True,False,com√©rcio Ch√°cara MG,https://www.olx.com.br/comercio-e-escritorio/estado-mg/regiao-de-juiz-de-fora/chacara
0,18.338.277/0001-94,"An√∫ncios - Santana do Deserto, Minas Gerais. 1 - 27 de 27 resultados. Tipos de an√∫ncio. Todos os an√∫ncios, Particulares, Profissionais. Ordenar por.",,https://www.instagram.com/p/C8h4PWNviE2/,https://br.linkedin.com/jobs/vagas-em-santana-do-deserto,,"An√∫ncios - Santana do Deserto, Minas Gerais",True,False,com√©rcio Santana do Deserto MG,https://www.olx.com.br/estado-mg/regiao-de-juiz-de-fora/santana-do-deserto
0,21.569.702/0001-60,"Pesquise 83 Empresas de Com√©rcio Varejista em Ch√°cara, MG. Quantas empresas existem, an√°lise de mercado e listas de empresas com contatos, telefones, ...",,,,,"Lista de Empresas de Com√©rcio Varejista em Ch√°cara, MG",True,False,com√©rcio Ch√°cara MG,https://www.econodata.com.br/empresas/mg-chacara/comercio-varejista
0,,"O endere√ßo de sua sede est√° localizada na 1a Rua Altino Marques, 120, Santana do Deserto - MG, 36.620-000. Sua atividade principal √© de Servi√ßos dom√©sticos, de ...",https://www.facebook.com/rosileia.desouza.7/,https://www.instagram.com/rosileiaso/?__d=1,https://br.linkedin.com/pub/dir/Rosileia/Souza/br-0-Brasil,,"Rosileia de Souza em Santana do Deserto, MG - 36.080.056/ ...",False,False,prestador de servi√ßo Santana do Deserto MG,https://www.econodata.com.br/consulta-empresa/36080056000140-rosileia-de-souza
0,,"Compare as principais transportadoras que fazem mudan√ßas e carretos em Bicas - MG. Receba r√°pido propostas de or√ßamento local e interestadual, ...",https://www.facebook.com/bianca.mudancas/?locale=pt_BR,https://www.instagram.com/biancamudancas/,https://br.linkedin.com/company/biancamudancas,,30 Principais Empresas de Mudan√ßa em Bicas (MG),False,False,empresa Bicas MG,https://mudamuda.com.br/empresas-de-mudancas/mg/bicas
0,02.717.460/0001-60,"Especialistas em garantir a seguran√ßa de pessoas e patrim√¥nios com inova√ß√£o, austeridade, responsabilidade e excel√™ncia. Uma empresa @seven.onlinebr ...",https://www.facebook.com/juizdeforaseg/,https://www.instagram.com/juizdefora_seguranca/,https://br.linkedin.com/company/jf-seguranca,,Juiz de Fora (@juizdefora_seguranca),True,False,empresa Juiz de Fora MG,https://www.instagram.com/juizdefora_seguranca/
0,11.576.129/0001-69,"A cidade de Simao Pereira hoje conta com 402 empresas ativas. Entre as maiores, destacam-se: 11.576.129/0001-69 - AGUILAR LOCACAO DE IMOVEIS LTDA - R$ 2.660.838 ...",,,https://br.linkedin.com/in/brunafreitasonline,,Listas de Empresas em Simao Pereira (MG),True,False,empresa Sim√£o Pereira MG,https://www.empresaqui.com.br/listas-de-empresas/MG/SIMAO_PEREIRA
0,21.573.522/0001-52,Representamos e cuidamos dos interesses das empresas do com√©rcio de Juiz de Fora (32) 3215-1317 | (32) 9 9193-1034. Fale conosco clicando aqui ‚¨áÔ∏è ¬∑ ATEN√á√ÉO!,,,,,Sindicato do Com√©rcio de Juiz de Fora (@sindicomerciojf),True,False,com√©rcio Juiz de Fora MG,https://www.instagram.com/sindicomerciojf/?hl=pt
0,,Descubra as melhores ofertas de Chacara Minas Gerais. Grande variedade de im√≥veis √† venda e para aluguel no Mercado Livre.,https://www.facebook.com/groups/2200826493539245/posts/4185530825068792/,https://www.instagram.com/prefeitura_de_chacara/,,,Chacara Minas Gerais,False,False,neg√≥cio Ch√°cara MG,https://lista.mercadolivre.com.br/chacara-minas-gerais
0,04.891.620/0001-19,"Primeiro, por experi√™ncia: com 7 anos de mercado, j√° assessoramos mais de 40 mil empresas de todos os tamanhos, desde pequenas startups at√© grandes corpora√ß√µes.",,https://www.instagram.com/jfmarcasepatentes/,https://br.linkedin.com/in/marianaxaviercomunicadora/pt,,"Empresa de Registro de Marcas em Ch√°cara, MG",True,False,empresa Ch√°cara MG,https://www.consolidesuamarca.com.br/registro-de-marcas-chacara-mg
0,18.540.906/0008-30,"U&M Minera√ß√£o e Constru√ß√£o S/A, Matias Barbosa. 1287 likes ¬∑ 43 talking about this ¬∑ 14 were here. Presta√ß√£o de servi√ßos em Minera√ß√£o e Constru√ß√£o Pesada.",,,,,U&M Minera√ß√£o e Constru√ß√£o S/A | Matias Barbosa MG,True,False,empresa Matias Barbosa MG,https://www.facebook.com/p/UM-Minera%C3%A7%C3%A3o-e-Constru%C3%A7%C3%A3o-SA-100082817362867/
0,58.979.667/0001-68,"Em Juiz de Fora, o com√©rcio poder√° funcionar em hor√°rio especial no s√°bado, dia 9 de agosto de 2025, v√©spera da celebra√ß√£o, conforme previsto no Acordo de Datas ...",,,,,Hor√°rio do com√©rcio,True,False,com√©rcio Juiz de Fora MG,https://sindicatodocomercio.org.br/horario-do-comercio/
0,47.430.706/0002-38,Encontre MATIAS BARBOSA MG Personalizado e muito mais Brindes Personalizados. Veja Aqui Diversos Modelos de MATIAS BARBOSA MG Personalizado com os melhores ...,,,https://br.linkedin.com/in/carolina-cerqueira-616264295,,MATIAS BARBOSA MG - L20 MKT COMERCIO,True,False,com√©rcio Matias Barbosa MG,https://l20mkt.com.br/brinde-promocional/matias-barbosa-mg
0,,"LEIL√ÉO P√öBLICO (ABERTO), TIPO MAIOR LANCE, COM O OBJETIVO DE ALIENAR BENS M√ìVEIS INSERV√çVEIS AO SERVI√áO P√öBLICO MUNICIPAL. ACESSAR P√ÅGINA.",,,,,2023,False,False,neg√≥cio Sim√£o Pereira MG,https://www.simaopereira.mg.gov.br/editaisano/14/2023
0,,Conhe√ßa op√ß√µes de Lojas Baratas Para Comprar Roupa em Juiz de Fora ¬∑ 1) Ativa ¬∑ 2) Dalian Modas ¬∑ 3) Lotus ¬∑ 4) Manna Loja ¬∑ 5) Meninas de Grife ¬∑ 6) ...,,https://www.instagram.com/lojao.da.moda.jf/,,,Conhe√ßa op√ß√µes de Lojas Baratas Para Comprar Roupa ...,False,False,loja Juiz de Fora MG,https://zinecultural.com/blog/lojas-baratas-juiz-de-fora
0,,"O ""Vagou, Juiz de Fora"" √© um quadro para divulga√ß√£o de oportunidades de trabalho dispon√≠veis em Juiz de Fora. Empresas e pessoas f√≠sicas interessadas em ...",https://www.facebook.com/groups/vagoujf/,https://www.instagram.com/p/CewToU4s3wB/,https://pt.linkedin.com/posts/vanessa-verdeiro_novas-oportunidades-no-vagou-jf-1-acesse-activity-7379972913279447040-haZ6,,Vagou JF | Prefeitura de Juiz de Fora,False,False,empresa Juiz de Fora MG,https://www.pjf.mg.gov.br/vagoujf
0,06.787.464/0001-76,A partir de R$20. Encontre um professor particular em Matias Barbosa em 3 cliques. Mais de 500 mat√©rias. ‚úì 97% de alunos satisfeitos.,,,,,Aulas particulares em Matias Barbosa - 7 profes,True,False,aut√¥nomo Matias Barbosa MG,https://www.superprof.com.br/aulas/todas-as-materias/matias-barbosa/
0,15.088.380/0001-35,"ASSOCIACAO COMERCIAL E EMPRESARIAL DE MATIAS BARBOSA. Home / OSC ... Sigla OSC: N√£o informado. Endere√ßo: AVENIDA CARDOSO SARAIVA CENTRO, Matias Barbosa - MG",https://www.facebook.com/p/ACEMB-Associa%C3%A7%C3%A3o-Comercial-e-Empresarial-de-Matias-Barbosa-100079659946301/,https://www.instagram.com/acejuizdefora/,,,ASSOCIACAO COMERCIAL E EMPRESARIAL DE MATIAS ...,True,False,com√©rcio Matias Barbosa MG,https://mapaosc.ipea.gov.br/detalhar/510350/associacao-comercial-e-empresarial-de-matias-barbosa
0,04.192.400/0001-05,Federa√ß√£o das Associa√ß√µes Comerciais e Empresariais do Estado de Minas Gerais. Fortalecendo pol√≠tica e economicamente o empresariado de Minas. Telefones. (31) ...,,https://www.instagram.com/acejuizdefora/,,,Associa√ß√£o Comercial e Empresarial de Bicas,True,False,com√©rcio Bicas MG,https://www.federaminas.com.br/entidades/associacao-comercial-e-empresarial-de-bicas/
0,21.561.725/0001-29,"Mercados aut√¥nomos ganham espa√ßo em Juiz de Fora. Venda tem como base confian√ßa no consumidor, que fica respons√°vel pelo pagamento do produto ...",https://www.facebook.com/Market4uJF.minimercado/,https://www.instagram.com/market4u.jf/,,,Mercados aut√¥nomos ganham espa√ßo em Juiz de Fora,True,False,aut√¥nomo Juiz de Fora MG,https://tribunademinas.com.br/noticias/economia/07-01-2023/mercados-autonomos-ganham-espaco-em-juiz-de-fora.html
0,,"Oportunidade de neg√≥cio!! Dispon√≠vel para Loca√ß√£o! No melhor ponto comercial da cidade, loj√£o com 1500 m2 totalmente plano, sendo 600 m2 de √°rea constru√≠da.",,,,,Oportunidade de neg√≥cio!! Dispon√≠vel para Loca√ß√£o!,False,False,neg√≥cio Sim√£o Pereira MG,https://www.instagram.com/reel/DHcPXpGgui-/
0,44.532.415/0001-81,"Quantas empresas existem em Santana Do Deserto, MG? A cidade de Santana Do Deserto hoje conta com 552 empresas ativas. Entre as maiores, destacam-se: 03.951.859 ...",,,,,Listas de Empresas em Santana Do Deserto (MG),True,False,com√©rcio Santana do Deserto MG,https://www.empresaqui.com.br/listas-de-empresas/MG/SANTANA_DO_DESERTO
0,61.672.480/0001-21,"Quantas empresas existem em Bicas, MG? A cidade de Bicas hoje conta com 1.835 empresas ativas. Entre as maiores, destacam-se: 61.672.480/0001-21 - 61.672.480 ...",,,https://br.linkedin.com/in/dianna-silva-4a060156,,Listas de Empresas em Bicas (MG) | Dados para prospec√ß√£o,True,False,empresa Bicas MG,https://www.empresaqui.com.br/listas-de-empresas/MG/BICAS
0,,"Est√° procurando por flores, cestas e presentes na cidade de Matias Barbosa - MG? Oferecemos entrega r√°pida para todo a cidade. Confira!",,https://www.instagram.com/cestart.artedepresentear/,,,"Flores, Cestas e Presentes em Matias Barbosa - MG",False,False,loja Matias Barbosa MG,https://www.novaflor.com.br/entregas/minas-gerais/matias-barbosa/d3138/?srsltid=AfmBOopawtoKbGs6qnuNWQXYE75W5MRcMZzYmESOayMl5sOyXDkaglcU
0,,"10 Vagas de Aut√¥nomo ... Seja um distribuidor de sucesso, com ganhos de 120 a 200%, linha completa de cosm√©tico profissional para sal√£o de beleza, oferecemos ...",https://www.facebook.com/groups/549022605198269/?locale=pt_BR,https://www.instagram.com/vagasdejf/,https://br.linkedin.com/jobs/vagas-em-juiz-de-fora,,Vagas de Emprego de Autonomo em Juiz de Fora/MG,False,False,aut√¥nomo Juiz de Fora MG,https://www.trabalhabrasil.com.br/vagas-de-emprego-em-juiz-de-fora-mg/autonomo
0,22.192.546/0001-24,"Encontre empresas da cidade de Matias Barbosa/MG, suas atividades, telefones, endere√ßo, e-mail, s√≥cios, data de abertura...",,,,,"Lista de empresas em Matias Barbosa, MG",True,False,empresa Matias Barbosa MG,https://cnpj.biz/empresas/matias-barbosa-mg
0,,"Art. 8¬∫ - O contribuinte do imposto √© o prestador do servi√ßo, empresa, profissional aut√¥nomo ou sociedade uniprofissional que exer√ßa, em car√°ter permanente ou ...",,,,,ISSQN (ISS) de Juiz de Fora - MG,False,False,aut√¥nomo Juiz de Fora MG,https://leismunicipais.com.br/issqn-iss-juiz-de-fora-mg
0,,"Mais de 137 empregos abertos em Santana do Deserto, MG. Encontre seu pr√≥ximo emprego no Indeed.com.",,https://www.instagram.com/vagasdejf/p/DQm-skmkl4K/,https://br.linkedin.com/jobs/vagas-em-santana-do-deserto,,"vagas de emprego: santana do deserto, mg",False,False,prestador de servi√ßo Santana do Deserto MG,"https://br.indeed.com/l-santana-do-deserto,-mg-vagas.html"
0,11.576.129/0001-69,"AGROLINK - O Portal do conte√∫do Agropecu√°rio. Confira: Noticias atualizadas, Previs√£o do tempo, cota√ß√µes, sistemas especialistas de produtos agro, Colunistas, ...",,,,,Sim√£o Pereira - MG - Empresas,True,False,empresa Sim√£o Pereira MG,https://www.agrolink.com.br/regional/mg/simao-pereira/empresa/lista
0,02.434.938/0001-45,o grupo √© serio √© para que as pessoas procurem emprego de caseiro e que as pessoas publiquem quem estiver precisando.,https://www.facebook.com/groups/766839696697359/,https://www.instagram.com/vagasdejf/,,,Grupo trabalho em chacara e sitio,True,False,prestador de servi√ßo Ch√°cara MG,https://www.facebook.com/groups/766839696697359/
0,60.357.159/0001-90,Sua loja Desde 1988 ‚ú® Material de Constru√ß√£o e Agropecu√°ria Ch√°cara-MG / Juiz de Fora-MG Clique no Link e fale com a gente ...,,,,,Bessa e Filho (@bessaefilho),True,False,com√©rcio Ch√°cara MG,https://www.instagram.com/bessaefilho/
0,,O atendimento do Plant√£o Fiscal se d√° exclusivamente atrav√©s do telefone: (32) 3690-7563. O atendimento de ordem sist√™mica √† Nota Fiscal de Servi√ßos Eletr√¥nica ...,,https://www.instagram.com/prefeiturajuizdefora/,https://www.linkedin.com/products/desenvolvecidade-iss-digital-gest%C3%A3o-digital-do-iss/,,Sistema de Gest√£o ISS,False,False,prestador de servi√ßo Juiz de Fora MG,https://nfse.pjf.mg.gov.br/
0,,"Procure vagas de emprego em Bicas. Encontre uma vaga perfeita em Bicas. Veja sal√°rios e avalia√ß√µes de empresas, al√©m de 1.273 vagas de emprego abertas em ...",,,,,1.273 vagas (Bicas) - Glassdoor,False,False,prestador de servi√ßo Bicas MG,"https://www.glassdoor.com.br/Vaga/bicas-vagas-SRCH_IL.0,5_IC2515320.htm"
0,,"32 Vagas de Emprego de Representante Comercial Aut√¥nomo em Ch√°cara - MG. Temos Novas Vagas com Sal√°rios de at√©„ÄêR$12.000,00„ÄëExclusivas para voc√™.",,,,,Vagas de Emprego de Representante Comercial Aut√¥nomo em ...,False,False,aut√¥nomo Ch√°cara MG,"https://www.infojobs.com.br/vagas-de-representante-comercial-autonomo-em-chacara,-mg.aspx"
0,,"No Imovelweb voc√™ encontra 20 Rurais √† venda na Ch√°cara, MG. Explore as melhores ofertas agora de venda de rurais na Ch√°cara, MG.",https://www.facebook.com/groups/2200826493539245/posts/4185534931735048/,https://www.instagram.com/reel/DFsSgFIRURu/,,,"20 Rurais √† venda na Ch√°cara, MG",False,False,neg√≥cio Ch√°cara MG,https://www.imovelweb.com.br/rurais-venda-chacara-mg.html
0,,"Acelere o recrutamento e sele√ß√£o em Matias Barbosa MG com o Banco de Curr√≠culos da Gest√£o de Curr√≠culos. Moderno, pr√°tico e eficiente.",https://www.facebook.com/groups/balcaodeempregosjuizdefora/?locale=pt_BR,https://www.instagram.com/vagasdejf/,https://br.linkedin.com/jobs/vagas-em-matias-barbosa,,Banco de Curr√≠culos para empresas em Matias Barbosa MG,False,False,aut√¥nomo Matias Barbosa MG,https://www.gestaodecurriculos.com.br/banco-de-curriculos-para-empresas-em-matias-barbosa-mg/
0,23.232.507/0003-38,Somos a melhor e mais completa empresa de terceiriza√ß√£o de m√£o de obra tempor√°ria em Ju√≠z de Fora MG. Realize um or√ßamento com nossa equipe.,https://www.facebook.com/groups/549022605198269/?locale=pt_BR,https://www.instagram.com/rheservaconsultoria/,https://br.linkedin.com/in/multiforme,,Terceiriza√ß√£o de M√£o de Obra Tempor√°ria em Ju√≠z de Fora ...,True,False,prestador de servi√ßo Juiz de Fora MG,https://www.gruposrm.com.br/terceirizacao-de-mao-de-obra-temporaria-em-juiz-de-fora-mg
0,45.907.084/0001-80,"Est√° procurando por flores, cestas e presentes na cidade de Sim√£o Pereira - MG? Oferecemos entrega r√°pida para todo a cidade. Confira!",,https://www.instagram.com/afetoepoesias.cestasjf/,,,"Flores, Cestas e Presentes em Sim√£o Pereira - MG",True,False,com√©rcio Sim√£o Pereira MG,https://www.novaflor.com.br/entregas/minas-gerais/simao-pereira/d3459/?srsltid=AfmBOopy9bb53E-HdaDXcP_FgYG3oCXvOO9V7Xsdb3ERL3W5H4D5Szt_
0,47.430.706/0002-38,Encontre SANTANA DO DESERTO MG Personalizado e muito mais Brindes Personalizados. Veja Aqui Diversos Modelos de SANTANA DO DESERTO MG Personalizado com os ...,,,,,SANTANA DO DESERTO MG - L20 MKT COMERCIO,True,False,com√©rcio Santana do Deserto MG,https://www.l20mkt.com.br/vendedor-de-brindes/santana-do-deserto-mg
0,,"Servi√ßo para a pessoa condutora solicitar inclus√£o da atividade remunerada na Carteira Nacional de Habilita√ß√£o (CNH) nas categorias A, AB, ...",https://www.facebook.com/detranmg/posts/o-condutor-que-desejar-incluir-atividade-remunerada-na-carteira-nacional-de-habi/1398046426976754/,https://www.instagram.com/reel/C-BnnDeutph/?hl=zh-cn,,,Incluir atividade remunerada na CNH ou PPD | MG.GOV.BR,False,False,aut√¥nomo Matias Barbosa MG,https://www.mg.gov.br/servico/incluir-atividade-remunerada-na-cnh-ou-ppd
0,,27 anos como refer√™ncia em variedades A maior loja de variedades da cidade Tudo que voc√™ precisa em um s√≥ lugar Pre√ßo baixo √© aqui Fale conosco ...,,,,,SUPER 99 | MATIAS BARBOSA MG (@mbsuper99),False,False,com√©rcio Matias Barbosa MG,https://www.instagram.com/mbsuper99/
0,,"Est√° procurando por flores, cestas e presentes na cidade de Ch√°cara - MG? Oferecemos entrega r√°pida para todo a cidade. Confira!",,https://www.instagram.com/afloridajf/,,,"Flores, Cestas e Presentes em Ch√°cara - MG",False,False,loja Ch√°cara MG,https://www.novaflor.com.br/entregas/minas-gerais/chacara/d2843/?srsltid=AfmBOoqbhJGnjlpQTWEJO-MoN4ayW1Cc3vw_ILYCxv0oUJT5FDTkN7wS
0,04.891.620/0001-19,"Registre sua marca em Bicas, MG com suporte jur√≠dico de especialistas. Processo com atendimento 100% online e personalizado. Inicie seu registro de marca ...",,,,,"Empresa de Registro de Marcas em Bicas, MG",True,False,neg√≥cio Bicas MG,https://www.consolidesuamarca.com.br/registro-de-marcas-bicas-mg
0,02.329.307/0001-66,"Buscando por produ√ß√£o de diversos objetos como: alimentos, roupas, cal√ßados ou rem√©dios em Matias Barbosa, MG? Encontre as melhores op√ß√µes de empresas do ...",,,,,"Ind√∫strias em Matias Barbosa, MG",True,False,empresa Matias Barbosa MG,https://www.solutudo.com.br/empresas/mg/matias-barbosa/industrias?pagina=1
0,,"Rua Jarbas de Lery Santos, N¬∫ 1655, Centro Juiz de Fora / MG; (32) 3026-9999; (32) 9 8858-3604. Instagram Facebook Youtube. Hor√°rio comercial. Segunda √† Sexta ...",https://www.facebook.com/SantaCruzShoppingjf/?locale=pt_BR,https://www.instagram.com/santacruzshopping/,https://br.linkedin.com/company/santa-cruz-shopping,,Lojas - Santa Cruz Shopping,False,False,loja Juiz de Fora MG,https://santacruzshopping.com.br/lojas-shopping/
0,09.102.320/0001-27,"Contrate faxineira, diarista, cozinheira, passadeira, churrasqueiro e auxiliar de limpeza de modo f√°cil e pr√°tico. Faxineiras e Diaristas em Juiz De Fora ...",https://www.facebook.com/groups/490737742236653/?locale=pt_BR,https://www.instagram.com/jardeldiaristas/,,,Faxineiras e Diaristas em Juiz De Fora MG,True,False,prestador de servi√ßo Juiz de Fora MG,https://www.maryhelp.com.br/unidade/juiz-de-fora-sao-mateus
0,21.315.681/0001-57,"No bairro Balan√ßa, em Sim√£o Pereira ‚Äì MG (a apenas 20 km de Juiz de Fora e 160 km do Rio de Janeiro), este sobrado de 294m¬≤ de √°rea √∫til re√∫ne ...",,,,,üîë Oportunidade Comercial Completa em Sim√£o Pereira ...,True,False,neg√≥cio Sim√£o Pereira MG,https://www.instagram.com/p/DMnEhHtNRbp/
0,04.150.459/0001-22,"Principais Atividades Econ√¥micas (2021) ; Administra√ß√£o P√∫blica, Defesa e Seguridade Social, 178 ; Armazenamento e Atividades Auxiliares dos Transportes, 99.",https://www.facebook.com/prefsimaopereira/?locale=pt_BR,https://www.instagram.com/prefsimaopereira/,https://pt.linkedin.com/in/simaoapereira,,Sim√£o Pereira,True,False,empresa Sim√£o Pereira MG,https://investminas.mg.gov.br/municipio/simao-pereira/
0,09.417.796/0001-57,"Independ√™ncia Shopping, loja 229, piso L2, Juiz de Fora-MG Rua Bar√£o de S√£o Jo√£o Nepomuceno, 325, Centro, Juiz de Fora-MG (32) 99860-7028.",,https://www.instagram.com/independenciashoppingoficial/,,,"Independ√™ncia Shopping, loja 229, piso L2, Juiz de Fora-MG",True,False,loja Juiz de Fora MG,https://www.instagram.com/reel/DCnB-_txJ3c/
0,26.144.725/0001-47,"Pesquise 28 Empresas de Industria em Matias Barbosa, MG. Quantas empresas existem, an√°lise de mercado e listas de empresas com contatos, telefones, e-mails, ...",,,https://br.linkedin.com/in/marvin-machado,,"Lista de Empresas de Industria em Matias Barbosa, MG",True,False,ind√∫stria Matias Barbosa MG,https://www.econodata.com.br/empresas/mg-matias-barbosa/busca-industria
0,63.513.598/0001-32,A Dona Resolve √© uma rede de Franquias que oferece servi√ßos e solu√ß√µes de limpeza residencial e comercial com unidades em todo Brasil.,,,,,"Servi√ßos de Diarista em Bicas, MG",True,False,prestador de servi√ßo Bicas MG,https://www.donaresolve.com/servico/diarista/MG/Bicas
0,43.092.317/0001-08,"Pesquise 67 Empresas de Com√©rcio Varejista em Santana do Deserto, MG. Quantas empresas existem, an√°lise de mercado e listas de empresas com contatos, ...",,,,,"67 Empresas de Com√©rcio Varejista em Santana do Deserto, MG",True,False,com√©rcio Santana do Deserto MG,https://www.econodata.com.br/empresas/mg-santana-do-deserto/comercio-varejista
0,16.890.384/0001-03,Photo by Emp√≥rio D'ro√ßa Produtos in Ch√°cara. Uma sobremesa dessass üî∫Ô∏è . . . R. Coronel Onofre Augusto de Paula 68 - Centro Ch√°cara Entregas em Ch√°cara (32) ...,https://www.facebook.com/61550891535884/videos/1253711533230063/,https://www.instagram.com/d.rocaprodutos68/,,,Emp√≥rio D'ro√ßa Produtos (@d.rocaprodutos68),True,False,com√©rcio Ch√°cara MG,https://www.instagram.com/d.rocaprodutos68/
0,54.377.777/0001-07,"Oferta de Com√©rcio em Bicas, MG. Na OLX voc√™ encontra as melhores ofertas perto de voc√™.",,,,,"Com√©rcio - Bicas, Minas Gerais",True,False,neg√≥cio Bicas MG,https://www.olx.com.br/comercio-e-escritorio/estado-mg/regiao-de-juiz-de-fora/bicas
0,46.345.877/0001-15,"As Maiores Empresas de Mercado em Santana do Deserto, MG s√£o: 1¬∞ MERCADO SANT' ANA, 2¬∞ MERCADO SANT' ANA SERRARIA LTDA e 3¬∞ MERCADO E LANCHONETE DA PRACA.",,,,,50 Maiores Empresas de Mercado em Santana do Deserto ...,True,False,com√©rcio Santana do Deserto MG,https://www.econodata.com.br/maiores-empresas/mg-santana-do-deserto/busca-mercado
0,03.529.728/0001-01,"No mercado, a empresa est√° localizada na Rua Rua Vereador Luiz Gonzaga Salles, N¬∫ 125 no bairro Centro em Ch√°cara - MG, CEP 36110-000. Materiais De Construcao ...",https://www.facebook.com/casasaomateusjf/,https://www.instagram.com/p/DAD-ANVMVnD/?hl=am-et,,,"Materiais De Construcao Sao Mateus em Ch√°cara, MG",True,False,loja Ch√°cara MG,https://www.solutudo.com.br/empresas/mg/chacara/materiais-para-construcao/materiais-de-construcao-sao-mateus-7405564
0,22.192.546/0001-24,"As Maiores Empresas de Industria em Matias Barbosa, MG s√£o: 1¬∞ PETRA AGREGADOS MG, 2¬∞ CIA MINEIRA INDUSTRIA E COMERCIO DE BEBIDAS LTDA e 3¬∞ LAMPEJO CAFES ...",,,,,"50 Maiores Empresas de Industria em Matias Barbosa, MG",True,False,ind√∫stria Matias Barbosa MG,https://www.econodata.com.br/maiores-empresas/mg-matias-barbosa/busca-industria
0,,"Encontre empresas da cidade de Santana do Deserto/MG, suas atividades, telefones, endere√ßo, e-mail, s√≥cios, data de abertura...",,,,,"Lista de empresas em Santana do Deserto, MG",False,False,prestador de servi√ßo Santana do Deserto MG,https://cnpj.biz/empresas/santana-do-deserto-mg
0,47.156.533/0001-20,Grupo voltado a compra e venda de produtos na cidade de Bicas. Ofertinhas 36. 2d ¬∑ Public ¬∑ Mesa ateli√™ https://s.shopee.com.br/70CEgmToOY.,,,,,COMPRA E VENDA - BICAS-MG,True,False,neg√≥cio Bicas MG,https://www.facebook.com/groups/124826308184079/
0,11.362.444/0001-93,"Ch√°cara-MG Papelaria |Roupas| Acessorios Cal√ßados | Eletr√¥nicos Artigos do Lar | Brinquedos| Presentes Impress√£o,xerox e plastifica√ß√£o. Photo by Exclusiva ...",,https://www.instagram.com/exclusivareaa/,https://br.linkedin.com/company/exclusiva-roupas-e-acess%C3%B3rios,,Exclusiva Roupas e Acessorios (@exclusivareaa),True,False,loja Ch√°cara MG,https://www.instagram.com/exclusivareaa/
0,18.338.194/0001-03,"Belmiro Braga Matias Barbosa Santana do Deserto Sim√£o Pereira. Endere√ßo: Rua Get√∫lio Vargas, 750 - Lojas 01 e 02 - Centro, Matias Barbosa - MG.",,,,,Matias Barbosa,True,False,aut√¥nomo Matias Barbosa MG,https://defensoria.mg.def.br/unidade/matias-barbosa/
0,19.377.514/0001-99,"Escrit√≥rio Local - Sim√£o Pereira, Minas Gerais. ... Empresa de Assist√™ncia T√©cnica e Extens√£o Rural do Estado de Minas Gerais - Emater ...",,,,,Escrit√≥rio Local | MG.GOV.BR,True,False,empresa Sim√£o Pereira MG,https://www.mg.gov.br/instituicao_unidade/escritorio-local-327
0,43.961.852/0001-58,"Cozinha independente, Cozinha planejada, Dep. privativo subsolo, Dep√≥sito, Despensa, Dormit√≥rio empregada, Ed√≠cula, Elevador de servi√ßo, Entrada caminh√µes ...",https://www.facebook.com/61558901284919/,https://www.instagram.com/barukimoveisjf/,,,"em Chacara, MG - p√°gina 1 - Barukimoveis",True,False,aut√¥nomo Ch√°cara MG,https://barukimoveis.com.br/comprar-ou-alugar/mg/chacara
0,47.430.706/0001-57,Encontre SIMAO PEREIRA MG Personalizado e muito mais Brindes Personalizados. Veja Aqui Diversos Modelos de SIMAO PEREIRA MG Personalizado com os melhores pre√ßos ...,https://www.facebook.com/simaopereira.MG/?locale=pt_BR,,https://br.linkedin.com/in/andr%C3%A9-sim%C3%A3o-teixeira-4a654329,,SIMAO PEREIRA MG - L20 MKT COMERCIO,True,False,com√©rcio Sim√£o Pereira MG,https://l20mkt.com.br/vendedor-de-brindes/simao-pereira-mg
0,,"A GM PROMO¬Æ esta presente em Santana do Deserto e √© a ag√™ncia de promotores exclusivos, compartilhados e Trade Marketing mais completa do Brasil.",,https://www.instagram.com/adilistrademkt/,https://br.linkedin.com/in/warleydiasvallemarketing,,"Trade Marketing em Santana do Deserto, Minas Gerais",False,False,prestador de servi√ßo Santana do Deserto MG,https://gmpromo.com.br/trade-marketing/santana-do-deserto-mg/
0,,As melhores vagas de emprego em Matias Barbosa / MG est√£o aqui no BNE. S√£o 1.657.447 vagas esperando por candidatos. Cadastre seu curr√≠culo gr√°tis.,https://www.facebook.com/groups/1972284836244965/,https://www.instagram.com/vagasdejf/,https://br.linkedin.com/jobs/vagas-em-matias-barbosa,,10 Vagas de Emprego em Matias Barbosa/Mg,False,False,aut√¥nomo Matias Barbosa MG,https://www.bne.com.br/vagas-de-emprego-em-matias-barbosa-mg
0,55.744.877/0001-89,Os melhores prestadores de servi√ßos dispon√≠veis em Juiz De Fora ¬∑ Assist√™ncia t√©cnica ¬∑ Aulas ¬∑ Autos ¬∑ Consultoria ¬∑ Design e Tecnologia ¬∑ Eventos ¬∑ Moda e ...,https://www.facebook.com/groups/549022605198269/?locale=pt_BR,https://www.instagram.com/vagasdejf/,https://br.linkedin.com/jobs/vagas-em-juiz-de-fora,,Encontre Profissionais e Servi√ßos em Juiz De Fora - MG,True,False,prestador de servi√ßo Juiz de Fora MG,https://www.getninjas.com.br/local/mg/juiz-de-fora
0,,Na ANA WERNECK IM√ìVEIS voc√™ encontra casas e lojas √† venda em Bicas e Alto das Brisas - Bicas. Confira mais im√≥veis √† venda ou para alugar em Bicas.,,,,,4 Casas e lojas √† venda Bicas - MG,False,False,neg√≥cio Bicas MG,https://www.anawerneckimoveis.com.br/imoveis/a-venda/casa+loja/bicas
0,,"An√∫ncios - Ch√°cara, Minas Gerais ; Vendo esse terreno na cidade de Ch√°cara no Condom√≠nio Recanto do Vale 2. 669m¬≤. R$ 75.000. Condom√≠nio R$ 129 ¬∑ Hoje, 16:38.",https://www.facebook.com/groups/2054170731485244/posts/4131887817046848/,https://www.instagram.com/reel/DQuVK7ij_Ca/,,,"An√∫ncios - Ch√°cara, Minas Gerais",False,False,neg√≥cio Ch√°cara MG,https://www.olx.com.br/estado-mg/regiao-de-juiz-de-fora/chacara
0,,"As Maiores Empresas de Com√©rcio Varejista em Matias Barbosa, MG s√£o: 1¬∞ POSTO ELLO LTDA, 2¬∞ JKV COMERCIO DE COMBUSTIVEIS LTDA e 3¬∞ MFX COMERCIO DE ...",,,,,50 Maiores Empresas de Com√©rcio Varejista em Matias ...,False,False,com√©rcio Matias Barbosa MG,https://www.econodata.com.br/maiores-empresas/mg-matias-barbosa/comercio-varejista
0,15.531.779/0001-49,Centro. Ch√°cara - MG. Seja o primeiro a aparecer para os clientes nesta regi√£o! Vou mostrar o caminho para garantir sua Presen√ßa Digital e ganhar destaque ...,,,,,Centro - Ch√°cara - MG - Neg√≥cios Locais.co,True,False,loja Ch√°cara MG,https://centro-chacara-mg.locais.co/
0,20.451.449/0001-83,Para maiores esclarecimentos entre em contato conosco pelo e-mail: cartoriodechacara@gmail.com ou pelo WhatsApp (32) 3277-1040. #EscrituraPublica # ...,https://www.facebook.com/cartoriodechacara/,https://www.instagram.com/cartoriojf/,,,Cartorio de Ch√°cara | Ch√°cara MG,True,False,aut√¥nomo Ch√°cara MG,https://www.facebook.com/cartoriodechacara/
0,16.843.172/0001-67,"Alimenta√ß√£o (39) ¬∑ Artigos diversos (32) ¬∑ Artigos do lar (6) ¬∑ Cal√ßados (16) ¬∑ Conveni√™ncia / servi√ßos (18) ¬∑ Joias, relogios e bijouterias (10) ¬∑ Lazer (6) ¬∑ Lojas ...",,,,,Lojas,True,False,com√©rcio Juiz de Fora MG,https://independenciashopping.com.br/lojas/
0,00.000.000/3417-70,"No ranking das maiores Empresas de Com√©rcio Varejista em Ch√°cara, MG, est√£o: 1. POSTO DE COMBUSTIVEL VALE CORREA LTDA, 2. MERCEARIA E NOIS, 3. NEOFARMA.",,,,,"50 Maiores Empresas de Com√©rcio Varejista em Ch√°cara, MG",True,False,com√©rcio Ch√°cara MG,https://www.econodata.com.br/maiores-empresas/mg-chacara/comercio-varejista
0,18.338.137/0001-16,"A Prefeitura Municipal de Ch√°cara, por meio do Prefeito Bilim e o Vice-Prefeito Marcelo convida toda a popula√ß√£o para a Inaugura√ß√£o do Centro de Fisioterapia ...",,,,,Prefeitura Municipal de Ch√°cara,True,False,prestador de servi√ßo Ch√°cara MG,https://www.chacara.mg.gov.br/
0,01.467.063/0001-15,"Altera a Lei Municipal n¬∫ 10.630, de 30 de dezembro de 2003, que ‚ÄúDisp√µe sobre o Imposto sobre Servi√ßos de Qualquer Natureza - ISSQN‚Äù e d√° outras provid√™ncias.",,https://www.instagram.com/p/DKefcqqxelQ/,https://br.linkedin.com/company/camaramunicipaljf,,CMJF - iS@L - Sistema de Acompanhamento do Legislativo,True,False,aut√¥nomo Juiz de Fora MG,https://www.camarajf.mg.gov.br/sal/norma.php?njn=00105&njc=&njt=LEICO
0,04.728.559/0001-93,"üõçÔ∏è‚ú® Siga @mb.fashioncenter e fique por dentro das novidades! Em breve, voc√™ ter√° um espa√ßo completo com moda masculina e feminina (36 ao 60), ...",https://www.facebook.com/mb.fashionstoreoficial/,https://www.instagram.com/reel/DIUOntLPr4Z/,,,üöÄ Vem a√≠: FASHION CENTER em Matias Barbosa,True,False,loja Matias Barbosa MG,https://www.instagram.com/reel/DIAGnKKReBn/
0,11.576.129/0001-69,"No ranking das maiores Empresas de Industria em Sim√£o Pereira, MG, est√£o: 1. MS GAS PETROLEO COMERCIO E SERVICOS, 2. SIMAPPEL - SIMAO PEREIRA INDUSTRIA E ...",,,,,"50 Maiores Empresas de Industria em Sim√£o Pereira, MG",True,False,ind√∫stria Sim√£o Pereira MG,https://www.econodata.com.br/maiores-empresas/mg-simao-pereira/busca-industria
0,43.996.693/0001-27,"... Municipal ... Ind√∫stria. CONTATO. (32) 3272-1122. CRAS: (32) 3272-1449. UBS Centro: (32) 3272-1159. Endere√ßo Rua Duarte Abreu, 90 - Centro - Sim√£o Pereira - MG ...",,https://www.instagram.com/centroindustrialjf.oficial/,https://br.linkedin.com/company/perfiminas-ind%C3%BAstria-metal%C3%BArgica-ltda.,,Ind√∫strias,True,False,ind√∫stria Sim√£o Pereira MG,https://www.simaopereira.mg.gov.br/pagina/88/industrias
0,18.338.293/0001-87,"1.1 - O objeto da presente licita√ß√£o √© a FUTURA E EVENTUAL AQUISI√á√ÉO DE G√äNEROS. ALIMENT√çCIOS (CARNE), DE FORMA PARCELADA, PARA ATENDER A.",https://www.facebook.com/prefsimaopereira/?locale=pt_BR,https://www.instagram.com/prefsimaopereira/,,,PREFEITURA MUNICIPAL DE SIM√ÉO PEREIRA-MG OBJET,True,False,aut√¥nomo Sim√£o Pereira MG,https://pncp.gov.br/pncp-api/v1/orgaos/18338293000187/compras/2025/24/arquivos/1
0,18.338.293/0001-87,Prefeitura de Sim√£o Pereira. Entidade p√∫blica com a miss√£o de promover o desenvolvimento da cidade e o bem-estar de todos os cidad√£os ...,https://www.facebook.com/prefsimaopereira/?locale=pt_BR,https://www.instagram.com/prefsimaopereira/,,,Prefeitura de Sim√£o Pereira | Sim√£o Pereira MG,True,False,aut√¥nomo Sim√£o Pereira MG,https://www.facebook.com/prefsimaopereira/mentions/
0,,Artigo 89 - O n√£o cumprimento do disposto na se√ß√£o anterior desta Lei sujeitar√° o contribuinte a multa equivalente a 20% (vinte por cento) do. Page 42 ...,,,,,C√≥digo Tribut√°rio Municipal - Sim√£o Pereira,False,False,aut√¥nomo Sim√£o Pereira MG,https://www.simaopereira.mg.gov.br/Uploads/file/codigo_tributario_munipical.pdf
0,03.753.088/0001-00,6 Vagas em Sim√£o Pereira/MG. Mais relevantes. Mais recentes. Mais relevantes ... Aut√¥nomo; Sim√£o Pereira/MG. Descri√ß√£o Como revendedor(a) autorizado(a) de ...,https://www.facebook.com/groups/549022605198269/?locale=pt_BR,https://www.instagram.com/vagasdejf/,https://br.linkedin.com/jobs/the-10-vagas-sim%C3%A3o-pereira-mg,,Vagas de Emprego em Simao Pereira/MG,True,False,aut√¥nomo Sim√£o Pereira MG,https://www.trabalhabrasil.com.br/vagas-empregos-em-simao-pereira-mg
0,18.338.293/0001-87,"Situado na microrregi√£o de Juiz de Fora, o munic√≠pio nasceu em consequ√™ncia da abertura do ‚ÄúCaminho Novo‚Äù, por volta de 1698.",https://www.facebook.com/prefsimaopereira/?locale=pt_BR,https://www.instagram.com/prefsimaopereira/,,,Prefeitura de Sim√£o Pereira (@prefsimaopereira),True,False,aut√¥nomo Sim√£o Pereira MG,https://www.instagram.com/prefsimaopereira/
0,,A Antiga Estrada Uni√£o Ind√∫stria foi tombada pela Prefeitura Municipal de Sim√£o Pereira-MG por sua import√¢ncia cultural para a cidade.,https://www.facebook.com/simao.pereira.925938/videos/1085777632968727/,https://www.instagram.com/prefsimaopereira/,,,Sim√£o Pereira ‚Äì Antiga Estrada Uni√£o Ind√∫stria,False,False,ind√∫stria Sim√£o Pereira MG,https://www.ipatrimonio.org/simao-pereira-antiga-estrada-uniao-industria/
0,20.434.072/0001-54,A C√¢mara Municipal de Sim√£o Pereira aprova e o Prefeito sanciona a seguinte lei: Art. 1¬∞ Fica institu√≠da a Pol√≠tica Municipal de Preven√ß√£o √† Gravidez ...,,https://www.instagram.com/prefeiturajuizdefora/,,,cep 36123-000 - estado de minas gerais,True,False,aut√¥nomo Sim√£o Pereira MG,https://www.camarasimaopereira.mg.gov.br/transparencia/legislacao/684-lei-n-722-2013/file
0,02.953.538/0001-46,"Chopperia A√ßaiteria Artesanato Mineiro Por√ß√µes Queijos Doces Vinhos e Cacha√ßas. ""SIM√ÉO PEREIRA"" Localizada na Zona da Mata mineira, √© uma cidade rica em ...",,,,,Sim√£o Pereira Artes e Encantos ( ...,True,False,loja Sim√£o Pereira MG,https://www.instagram.com/simaopereiraarteseencantos/
0,87.738.530/0001-10,"No portal da C√¢mara de Sim√£o Pereira, voc√™ acompanha as a√ß√µes dos vereadores como indica√ß√µes, projetos de lei, reuni√µes e servi√ßos ao cidad√£o.",,,,,Hino do Munic√≠pio,True,False,loja Sim√£o Pereira MG,https://www.camarasimaopereira.mg.gov.br/a-cidade/hino-do-municipio
0,18.338.293/0001-87,"Acesse dados estat√≠sticos e geogr√°ficos sobre o Brasil, seus estados e munic√≠pios.",https://www.facebook.com/simaopereira.MG/?locale=pt_BR,https://www.instagram.com/prefsimaopereira/,,,Sim√£o Pereira (MG) | Cidades e Estados,True,False,loja Sim√£o Pereira MG,https://www.ibge.gov.br/cidades-e-estados/mg/simao-pereira.html
0,01.806.535/0001-17,Lojas - Ac√°cia do Caminho Novo. - MG - Sim√£o Pereira. Ac√°cia do Caminho Novo - 2739. Pot√™ncia. GOB-MG - Grande Oriente do Brasil - Minas Gerais.,,,,,Ac√°cia do Caminho Novo - M33,True,False,loja Sim√£o Pereira MG,https://www.m33.com.br/lojas/0/11/1618/4295/Acacia_do_Caminho_Novo
0,47.437.026/0001-65,Encontre SIMAO PEREIRA MG Personalizado e muito mais Brindes Personalizados. Veja Aqui Diversos Modelos de SIMAO PEREIRA MG Personalizado com os melhores pre√ßos ...,,,,,SIMAO PEREIRA MG - LEXD Brindes e Produtos Promocionais,True,False,loja Sim√£o Pereira MG,https://www.lexdbrindes.com.br/loja-de-brindes/simao-pereira-mg
