abertura,capital_social,capital_social_filtrado,cidade,cnae_principal,cnaes_secundarios,cnpj,descricao_google,email,endereco_receita,nome_fantasia,nome_google,porte,razao_social,redes_sociais,segmento,status,telefone_receita,url
,,,Juiz de Fora MG,,,45.372.114/0001-09,"Presidente Itamar Franco, 3840/609 Juiz de Fora - MG; Funcionamento Seg a Sex: 9:00 √†s 19:00. Instagram Facebook Whatsapp. A Cl√≠nica; Equipe; Especialidades ...",,,,Grupo Borges ‚Äì Est√©tica Avan√ßada,,,https://www.instagram.com/grupoborges_/,cl√≠nica est√©tica,,,https://grupoborgesestetica.com.br/
10/06/2014,35000.00,3500000.0,Juiz de Fora MG,96.02-5-01,96.02-5-02,20.424.918/0001-75,Endere√ßo: Rua Tavares Bastos 134 Alto dos Passos | Juiz de Fora MG; Telefone: 32 3212-4097; WhatsApp: 32 9 8881-9360; E-mail: contato@rhemaestetica.com.br ...,acr_contrh@yahoo.com.br,"RUA TAVARES BASTOS, 134 - SAO MATEUS - JUIZ DE FORA MG",,Rhema Centro de Est√©tica: Centro de beleza completo em ...,MICRO EMPRESA,"RHEMA CABELO, MAQUIAGEM E ESTETICA LTDA",https://www.instagram.com/rhemaestetica/ | https://www.facebook.com/rhemaesteticajf/,cl√≠nica de est√©tica,ATIVA,(32) 9109-7370 / (32) 8837-1605,https://www.rhemaestetica.com.br/
,,,Juiz de Fora MG,,,08.545.488/0001-44,Mais de 30 anos de experi√™ncia em medicina est√©tica e tratamentos corporais e faciais em Juiz de Fora. Espa√ßo moderno e tratamentos com tecnologia de ponta.,,,,Persona Est√©tica: Medicina est√©tica em Juiz de Fora,,,https://www.facebook.com/personajf/ | https://www.instagram.com/personajf/ | https://www.facebook.com/tr?id=278502237844818&ev=pageview&noscript=1,cl√≠nica de est√©tica,,,https://personaestetica.com/
,,,Juiz de Fora MG,,,12.702.497/0001-79,Especialistas em medicina est√©tica em Juiz de Fora ¬∑ Dra. Fabiana Oliveira ¬∑ Dra. Lucilia Brigato Paviato ¬∑ Dra. Andr√©a Moraes ¬∑ Dr. Diego Mac√°rio ...,,,,Especialista Em Medicina Est√©tica Juiz de Fora,,,https://www.facebook.com/doctoralia.br/ | https://www.instagram.com/doctoralia_br/ | https://www.linkedin.com/company/doctoralia-brasil/,cl√≠nica est√©tica,,,https://www.doctoralia.com.br/especialista-em-medicina-estetica/juiz-de-fora
,,,Juiz de Fora MG,,,35.387.391/0001-23,"Aqui no consult√≥rio, minha miss√£o √© valorizar a sua beleza natural com t√©cnicas seguras, conforto e um resultado do jeitinho que voc√™ deseja: Sutil ...",,,,Fabiana Mello Cl√≠nica de Est√©tica Avan√ßada - Facebook,,,https://www.facebook.com/p/fabiana-mello-cl&#xed;nica-de-est&#xe9;tica-avan&#xe7;ada-100066575153021/,cl√≠nica de est√©tica,,,https://www.facebook.com/p/Fabiana-Mello-Cl%C3%ADnica-de-Est%C3%A9tica-Avan%C3%A7ada-100066575153021/
,,,Juiz de Fora MG,,,54.634.835/0001-22,"Vitalit√† | Cl√≠nica de Est√©tica | Juiz de Fora. 2,612 followers. 1,853 following. Est√©tica humanizada com foco em vitalidade, sa√∫de mental e bem-estar.",,,,Vitalit√† | Cl√≠nica de Est√©tica | Juiz de Fora (@vitalitajf),,,https://www.instagram.com/vitalitajf/ | https://www.instagram.com/vitalitajf/?hl=en | https://www.instagram.com/vitalitajf/?hl=fr | https://www.instagram.com/vitalitajf/?hl=it | https://www.instagram.com/vitalitajf/?hl=de | https://www.instagram.com/vitalitajf/?hl=es | https://www.instagram.com/vitalitajf/?hl=zh-cn | https://www.instagram.com/vitalitajf/?hl=zh-tw | https://www.instagram.com/vitalitajf/?hl=ja | https://www.instagram.com/vitalitajf/?hl=ko | https://www.instagram.com/vitalitajf/?hl=pt | https://www.instagram.com/vitalitajf/?hl=pt-br | https://www.instagram.com/vitalitajf/?hl=af | https://www.instagram.com/vitalitajf/?hl=cs | https://www.instagram.com/vitalitajf/?hl=da | https://www.instagram.com/vitalitajf/?hl=el | https://www.instagram.com/vitalitajf/?hl=fi | https://www.instagram.com/vitalitajf/?hl=hr | https://www.instagram.com/vitalitajf/?hl=hu | https://www.instagram.com/vitalitajf/?hl=id | https://www.instagram.com/vitalitajf/?hl=ms | https://www.instagram.com/vitalitajf/?hl=nb | https://www.instagram.com/vitalitajf/?hl=nl | https://www.instagram.com/vitalitajf/?hl=pl | https://www.instagram.com/vitalitajf/?hl=ru | https://www.instagram.com/vitalitajf/?hl=sk | https://www.instagram.com/vitalitajf/?hl=sv | https://www.instagram.com/vitalitajf/?hl=th | https://www.instagram.com/vitalitajf/?hl=tl | https://www.instagram.com/vitalitajf/?hl=tr | https://www.instagram.com/vitalitajf/?hl=hi | https://www.instagram.com/vitalitajf/?hl=bn | https://www.instagram.com/vitalitajf/?hl=gu | https://www.instagram.com/vitalitajf/?hl=kn | https://www.instagram.com/vitalitajf/?hl=ml | https://www.instagram.com/vitalitajf/?hl=mr | https://www.instagram.com/vitalitajf/?hl=pa | https://www.instagram.com/vitalitajf/?hl=ta | https://www.instagram.com/vitalitajf/?hl=te | https://www.instagram.com/vitalitajf/?hl=ne | https://www.instagram.com/vitalitajf/?hl=si | https://www.instagram.com/vitalitajf/?hl=vi | https://www.instagram.com/vitalitajf/?hl=bg | https://www.instagram.com/vitalitajf/?hl=fr-ca | https://www.instagram.com/vitalitajf/?hl=ro | https://www.instagram.com/vitalitajf/?hl=sr | https://www.instagram.com/vitalitajf/?hl=uk | https://www.instagram.com/vitalitajf/?hl=zh-hk | https://www.instagram.com/vitalitajf/?hl=es-la | https://www.instagram.com/vitalitajf/?hl=he | https://www.instagram.com/vitalitajf/?hl=fa | https://www.instagram.com/vitalitajf/?hl=ar | https://www.instagram.com/vitalitajf/?hl=ur | https://www.instagram.com/vitalitajf/?hl=en-gb | https://www.instagram.com/vitalitajf/?hl=sw-ke | https://www.instagram.com/vitalitajf/?hl=ha-ng | https://www.instagram.com/vitalitajf/?hl=am-et | https://www.instagram.com/vitalitajf/?hl=om-et | https://instagram.com/_u/vitalitajf/,cl√≠nica de est√©tica,,,https://www.instagram.com/vitalitajf/
,,,Juiz de Fora MG,,,14.345.836/0001-32,"Bem vinda, somos a Up Estetica, um espa√ßo onde os melhores profissionais de est√©tica prestam seus atendimentos. ... Rua dos Inconfidentes, 107, Manoel Hon√≥rio, ...",,,,Up Est√©tica - Cl√≠nica de Est√©tica - Manoel Hon√≥rio - Juiz de ...,,,https://www.facebook.com/trinksoficial/ | https://www.instagram.com/trinksoficial,cl√≠nica de est√©tica,,,https://www.trinks.com/up-estetica
,,,Juiz de Fora MG,,,49.128.936/0001-91,"Aqui no consult√≥rio, minha miss√£o √© valorizar a sua beleza natural com t√©cnicas seguras, conforto e um resultado do jeitinho que voc√™ deseja: Sutil ...",,,,Fabiana Mello Cl√≠nica de Est√©tica Avan√ßada,,,https://www.facebook.com/p/fabiana-mello-cl&#xed;nica-de-est&#xe9;tica-avan&#xe7;ada-100066575153021/,cl√≠nica est√©tica,,,https://www.facebook.com/p/Fabiana-Mello-Cl%C3%ADnica-de-Est%C3%A9tica-Avan%C3%A7ada-100066575153021/
01/03/2016,50000.00,5000000.0,Juiz de Fora MG,96.02-5-02,00.00-0-00,24.288.493/0001-75,"Av. Rio Branco n¬∫ 2370 sala 504 ‚Äì Centro, Juiz de Fora ‚Äì MG (32)9165-7533 / 98872-8490.",contato@esteticamauri.com.br,"AVENIDA BARAO DO RIO BRANCO, 2370 - CENTRO - JUIZ DE FORA MG",,Est√©tica Mauri - Av. Rio Branco n¬∫ 2370 sala 504 ‚Äì Centro ...,MICRO EMPRESA,MAURIZELIA FERREIRA BARBOSA 00570182603,https://www.instagram.com/esteticamauri/,cl√≠nica de est√©tica,ATIVA,(32) 3211-2589,https://www.esteticamauri.com.br/
12/09/2018,10000.00,1000000.0,Juiz de Fora MG,77.40-3-00,"64.62-0-00, 74.90-1-04, 82.11-3-00",31.485.929/0001-81,A Royal Face √© refer√™ncia em harmoniza√ß√£o Facial em todo Brasil! A cl√≠nica Royal Face em Juiz de Fora oferece mais de 40 procedimentos de Harmoniza√ß√£o Facial e ...,dep.financeiro@royalface.com.br,"AVENIDA IBIRAPUERA, 2332 - INDIANOPOLIS - SAO PAULO SP",ROYAL FACE,Royal Face Juiz de Fora,DEMAIS,ROYAL FACE FRANCHISING S.A.,https://www.instagram.com/royalfaceoficial/ | https://www.facebook.com/royalfacebrasil/ | https://www.youtube.com/channel/uc2wyya6gyrftykwvtzybehq,cl√≠nica de est√©tica,ATIVA,(17) 3012-7878,https://royalface.com.br/unidade/clinica-de-estetica-em-juiz-de-fora2-mg/
,,,Juiz de Fora MG,,,42.882.262/0001-77,5 anos cuidando da sua autoestima em Juiz de Fora Cl√≠nica est√©tica avan√ßada e. Depila√ß√£o 4D com tecnologia de ponta e muito mais ! Agende agora ...,,,,Est√©tica Rios üñ§üñ§ (@clinicaesteticarios),,,https://www.instagram.com/clinicaesteticarios/ | https://www.instagram.com/clinicaesteticarios/?hl=en | https://www.instagram.com/clinicaesteticarios/?hl=fr | https://www.instagram.com/clinicaesteticarios/?hl=it | https://www.instagram.com/clinicaesteticarios/?hl=de | https://www.instagram.com/clinicaesteticarios/?hl=es | https://www.instagram.com/clinicaesteticarios/?hl=zh-cn | https://www.instagram.com/clinicaesteticarios/?hl=zh-tw | https://www.instagram.com/clinicaesteticarios/?hl=ja | https://www.instagram.com/clinicaesteticarios/?hl=ko | https://www.instagram.com/clinicaesteticarios/?hl=pt | https://www.instagram.com/clinicaesteticarios/?hl=pt-br | https://www.instagram.com/clinicaesteticarios/?hl=af | https://www.instagram.com/clinicaesteticarios/?hl=cs | https://www.instagram.com/clinicaesteticarios/?hl=da | https://www.instagram.com/clinicaesteticarios/?hl=el | https://www.instagram.com/clinicaesteticarios/?hl=fi | https://www.instagram.com/clinicaesteticarios/?hl=hr | https://www.instagram.com/clinicaesteticarios/?hl=hu | https://www.instagram.com/clinicaesteticarios/?hl=id | https://www.instagram.com/clinicaesteticarios/?hl=ms | https://www.instagram.com/clinicaesteticarios/?hl=nb | https://www.instagram.com/clinicaesteticarios/?hl=nl | https://www.instagram.com/clinicaesteticarios/?hl=pl | https://www.instagram.com/clinicaesteticarios/?hl=ru | https://www.instagram.com/clinicaesteticarios/?hl=sk | https://www.instagram.com/clinicaesteticarios/?hl=sv | https://www.instagram.com/clinicaesteticarios/?hl=th | https://www.instagram.com/clinicaesteticarios/?hl=tl | https://www.instagram.com/clinicaesteticarios/?hl=tr | https://www.instagram.com/clinicaesteticarios/?hl=hi | https://www.instagram.com/clinicaesteticarios/?hl=bn | https://www.instagram.com/clinicaesteticarios/?hl=gu | https://www.instagram.com/clinicaesteticarios/?hl=kn | https://www.instagram.com/clinicaesteticarios/?hl=ml | https://www.instagram.com/clinicaesteticarios/?hl=mr | https://www.instagram.com/clinicaesteticarios/?hl=pa | https://www.instagram.com/clinicaesteticarios/?hl=ta | https://www.instagram.com/clinicaesteticarios/?hl=te | https://www.instagram.com/clinicaesteticarios/?hl=ne | https://www.instagram.com/clinicaesteticarios/?hl=si | https://www.instagram.com/clinicaesteticarios/?hl=vi | https://www.instagram.com/clinicaesteticarios/?hl=bg | https://www.instagram.com/clinicaesteticarios/?hl=fr-ca | https://www.instagram.com/clinicaesteticarios/?hl=ro | https://www.instagram.com/clinicaesteticarios/?hl=sr | https://www.instagram.com/clinicaesteticarios/?hl=uk | https://www.instagram.com/clinicaesteticarios/?hl=zh-hk | https://www.instagram.com/clinicaesteticarios/?hl=es-la | https://www.instagram.com/clinicaesteticarios/?hl=he | https://www.instagram.com/clinicaesteticarios/?hl=fa | https://www.instagram.com/clinicaesteticarios/?hl=ar | https://www.instagram.com/clinicaesteticarios/?hl=ur | https://www.instagram.com/clinicaesteticarios/?hl=en-gb | https://www.instagram.com/clinicaesteticarios/?hl=sw-ke | https://www.instagram.com/clinicaesteticarios/?hl=ha-ng | https://www.instagram.com/clinicaesteticarios/?hl=am-et | https://www.instagram.com/clinicaesteticarios/?hl=om-et | https://instagram.com/_u/clinicaesteticarios/,cl√≠nica de est√©tica,,,https://www.instagram.com/clinicaesteticarios/
,,,Juiz de Fora MG,,,10.144.218/0001-73,"A Dermacenter √© um centro dermatol√≥gico que atua em Juiz de Fora e regi√£o h√° 30 anos. Atrav√©s de uma filosofia que coloca o paciente sempre em primeiro lugar, ...",,,,Dermacenter,,,https://www.facebook.com/dermacenterjf | https://www.instagram.com/dermacenterjf/,cl√≠nica de est√©tica,,,https://dermacenterjf.com.br/
,,,Juiz de Fora MG,,,15.916.578/0001-60,"Rede especializada em Tratamentos Est√©ticos Faciais e Corporais, Remo√ß√£o de Tatuagem e Depila√ß√£o. Agende agora uma avalia√ß√£o na Pr√≥-Corpo!",,,,Pr√≥-Corpo Est√©tica Avan√ßada | Tratamentos Faciais e Corporais,,,https://www.facebook.com/procorpoestetica | https://www.instagram.com/procorpoestetica | https://www.youtube.com/user/procorpotv,cl√≠nica de est√©tica,,,https://www.procorpoestetica.com.br/
,,,Juiz de Fora MG,,,27.411.808/0001-18,Cl√≠nica Odontol√≥gica ‚≠êÔ∏èEspecialistas em Implantes H√° + de 6 anos transformando vidas 98895-1761 3214-0301. Agende sua consulta‚§µÔ∏è ...,,,,Espa√ßo Odontol√≥gico | Juiz de Fora (@espacoodontologicojf),,,https://www.instagram.com/vitalitajf/ | https://www.instagram.com/vitalitajf/?hl=en | https://www.instagram.com/vitalitajf/?hl=fr | https://www.instagram.com/vitalitajf/?hl=it | https://www.instagram.com/vitalitajf/?hl=de | https://www.instagram.com/vitalitajf/?hl=es | https://www.instagram.com/vitalitajf/?hl=zh-cn | https://www.instagram.com/vitalitajf/?hl=zh-tw | https://www.instagram.com/vitalitajf/?hl=ja | https://www.instagram.com/vitalitajf/?hl=ko | https://www.instagram.com/vitalitajf/?hl=pt | https://www.instagram.com/vitalitajf/?hl=pt-br | https://www.instagram.com/vitalitajf/?hl=af | https://www.instagram.com/vitalitajf/?hl=cs | https://www.instagram.com/vitalitajf/?hl=da | https://www.instagram.com/vitalitajf/?hl=el | https://www.instagram.com/vitalitajf/?hl=fi | https://www.instagram.com/vitalitajf/?hl=hr | https://www.instagram.com/vitalitajf/?hl=hu | https://www.instagram.com/vitalitajf/?hl=id | https://www.instagram.com/vitalitajf/?hl=ms | https://www.instagram.com/vitalitajf/?hl=nb | https://www.instagram.com/vitalitajf/?hl=nl | https://www.instagram.com/vitalitajf/?hl=pl | https://www.instagram.com/vitalitajf/?hl=ru | https://www.instagram.com/vitalitajf/?hl=sk | https://www.instagram.com/vitalitajf/?hl=sv | https://www.instagram.com/vitalitajf/?hl=th | https://www.instagram.com/vitalitajf/?hl=tl | https://www.instagram.com/vitalitajf/?hl=tr | https://www.instagram.com/vitalitajf/?hl=hi | https://www.instagram.com/vitalitajf/?hl=bn | https://www.instagram.com/vitalitajf/?hl=gu | https://www.instagram.com/vitalitajf/?hl=kn | https://www.instagram.com/vitalitajf/?hl=ml | https://www.instagram.com/vitalitajf/?hl=mr | https://www.instagram.com/vitalitajf/?hl=pa | https://www.instagram.com/vitalitajf/?hl=ta | https://www.instagram.com/vitalitajf/?hl=te | https://www.instagram.com/vitalitajf/?hl=ne | https://www.instagram.com/vitalitajf/?hl=si | https://www.instagram.com/vitalitajf/?hl=vi | https://www.instagram.com/vitalitajf/?hl=bg | https://www.instagram.com/vitalitajf/?hl=fr-ca | https://www.instagram.com/vitalitajf/?hl=ro | https://www.instagram.com/vitalitajf/?hl=sr | https://www.instagram.com/vitalitajf/?hl=uk | https://www.instagram.com/vitalitajf/?hl=zh-hk | https://www.instagram.com/vitalitajf/?hl=es-la | https://www.instagram.com/vitalitajf/?hl=he | https://www.instagram.com/vitalitajf/?hl=fa | https://www.instagram.com/vitalitajf/?hl=ar | https://www.instagram.com/vitalitajf/?hl=ur | https://www.instagram.com/vitalitajf/?hl=en-gb | https://www.instagram.com/vitalitajf/?hl=sw-ke | https://www.instagram.com/vitalitajf/?hl=ha-ng | https://www.instagram.com/vitalitajf/?hl=am-et | https://www.instagram.com/vitalitajf/?hl=om-et | https://instagram.com/_u/vitalitajf/,cl√≠nica odontol√≥gica,,,https://www.instagram.com/espacoodontologicojf/
,,,Juiz de Fora MG,,,49.961.863/0001-14,"Os mais recomendados dentistas de Juiz de Fora: veja opini√µes, verifique a disponibilidade e agende sua consulta online em segundos. √â gr√°tis!",,,,Os 20 Dentistas mais recomendados em Juiz de Fora,,,https://www.facebook.com/doctoralia.br/ | https://www.instagram.com/doctoralia_br/ | https://www.linkedin.com/company/doctoralia-brasil/,cl√≠nica odontol√≥gica,,,https://www.doctoralia.com.br/dentista/juiz-de-fora
,,,Juiz de Fora MG,,,12.817.681/0001-64,"CRO MG 44197. Registro da cl√≠nica: EPAO-M-4441. Contato. (32) 98883-1000. - (32) 3213-6006. Rua Bar√£o de S√£o Jo√£o Nepomuceno, 197, Centro Juiz de Fora / MG",,,,Juiz de Fora - Centro,,,https://www.facebook.com/odontocompany/ | https://www.instagram.com/odontocompany/ | https://www.youtube.com/channel/ucnnrmgnew-6zs20tivtryka | https://www.linkedin.com/company/3792185/,cl√≠nica odontol√≥gica,,,https://odontocompany.com/juizdeforacentro
,,,Juiz de Fora MG,,,19.882.024/0001-40,"Atuando desde de 2016 no ramo odontol√≥gico em Juiz de Fora, a Rennovar oferece uma nova experi√™ncia em tratamento odontol√≥gico e est√©tico. Contamos para isso ...",,,,Rennovar Odontologia Digital,,,https://www.facebook.com/tr?id=229418818741121&ev=pageview&noscript=1 | https://www.facebook.com/rennovarodonto | https://www.instagram.com/rennovarodonto/ | https://www.linkedin.com/company/rennovareo/ | https://www.youtube.com/channel/ucj_8krplcnapnsfrejcxekq,cl√≠nica odontol√≥gica,,,https://www.rennovarodonto.com.br/
,,,Juiz de Fora MG,,,23.966.185/0001-99,"Santer Centro Odontol√≥gico: refer√™ncia como cl√≠nica odontol√≥gica e dentista em Juiz de Fora. Implantes, facetas, alinhadores invis√≠veis e odontologia ...",,,,Santer Centro Odontol√≥gico - Juiz de Fora,,,https://www.instagram.com/santerodonto/?hl=pt-br | https://www.youtube.com/channel/uccplwfg6r6iddets64c5-mw | https://www.facebook.com/santerodonto,cl√≠nica odontol√≥gica,,,https://www.santer.com.br/
,,,Juiz de Fora MG,,,42.835.141/0001-74,"Nosso(s) telefone(s). (32) 9 9950-9629 ; Nosso e-mail. recepcao@oralunicjuizdefora.com.br ; Encontre-nos: Rua Padre Caf√© 178. Juiz de Fora, MG.",,,,Oral Unic - Juiz de Fora,,,https://www.instagram.com/oralunicjuizdefora/ | https://www.facebook.com/oralunicjuizdefora | https://www.youtube.com/channel/uc4b6ttrkhfvpx7z7412ge1q | https://www.instagram.com/oralunicjuizdefora/\ | https://www.facebook.com/oralunicjuizdefora\ | https://www.youtube.com/channel/uc4b6ttrkhfvpx7z7412ge1q\ | https://www.youtube.com/embed/c3bxmtfn98m\ | https://www.youtube.com/embed/jatvdvzt7ws\ | https://www.youtube.com/embed/j7jomg51qza\ | https://www.youtube.com/embed/ias8bhdyvg8\,cl√≠nica odontol√≥gica,,,https://www.oralunic.com.br/juiz-de-fora-mg
,,,Juiz de Fora MG,,,24.652.534/0001-60,"Instituto Fartes ‚Äì Cl√≠nica Odontol√≥gica em Juiz de Fora ‚Äì MG. Servi√ßos de implantodontia, pr√≥tese, est√©tica, periodontia, ortodontia, endodontia, ...",,,,Instituto Fartes - Cl√≠nica Odontol√≥gica em Juiz de Fora - MG,,,,cl√≠nica odontol√≥gica,,,https://institutofartes.com.br/
,,,Juiz de Fora MG,,,45.338.432/0001-45,Dentista/Cl√≠nica Odontol√≥gica est√©tica e corretiva no centro de Juiz de Fora realizando diversos tratamentos da odontologia moderna.,,,,Cl√≠nica Odontol√≥gica Solar Odontologia - Juiz de Fora/MG,,,,cl√≠nica odontol√≥gica,,,https://solarodontologia.com.br/
,,,Juiz de Fora MG,,,15.249.276/0001-85,"Unidade Centro. Av. Bar√£o do Rio Branco, 2872; Centro - Juiz de Fora - MG; Salas - 901/902; Seg √† Sexta das 09:00hs √°s 19:00hs; (32) 98833-5841 ¬∑ Facebook ...",,,,Dentista em Juiz de Fora | Cl√≠nica Odontol√≥gica Odonto ...,,,,cl√≠nica odontol√≥gica,,,https://odontomillenium.jdf.br/
,,,Juiz de Fora MG,,,26.132.027/0001-21,"CL√çNICA ODONTOL√ìGICA. ATENDIMENTO HUMANIZADO, PERSONALIZADO E. PARTICULAR para voc√™ de JUIZ DE FORA E REGI√ÉO. (32) 98856-5331 ¬∑ (32) 3221-9091. TRATAMENTO",,,,Dentista em Juiz de Fora - Pr√≥ Dente - Cuidamos do Seu ...,,,,cl√≠nica odontol√≥gica,,,https://odontologiaprodentejf.com.br/
